<?xml version="1.0" encoding="UTF-8"?>
<channel><item><title><![CDATA[Sidebar]]></title><slug>sidebar</slug><value><![CDATA[&lt;h2&gt;قزوین شهر مینودری&lt;/h2&gt;
&lt;ul&gt; 
&lt;li&gt;&lt;a href=&quot;&quot;&gt;معرفی مشاهیر استان&lt;/a&gt;&lt;/li&gt;
&lt;li&gt;&lt;a href=&quot;&quot;&gt;کلیپ‌های معرفی استان&lt;/a&gt;&lt;/li&gt;
&lt;li&gt;&lt;a href=&quot;&quot;&gt;سوغاتی‌ها&lt;/a&gt;&lt;/li&gt;
&lt;li&gt;&lt;a href=&quot;&quot;&gt;جاذبه‌های تاریخی&lt;/a&gt;&lt;/li&gt;
&lt;li&gt;&lt;a href=&quot;&quot;&gt;جاذبه‌های طبیعی&lt;/a&gt;&lt;/li&gt;
&lt;li&gt;&lt;a href=&quot;&quot;&gt;مکان‌های زیارتی&lt;/a&gt;&lt;/li&gt;
&lt;li&gt;&lt;a href=&quot;&quot;&gt;هتل‌ها و رستوران‌ها&lt;/a&gt;&lt;/li&gt;
&lt;li&gt;&lt;a href=&quot;&quot;&gt;مراکز خرید&lt;/a&gt;&lt;/li&gt;
&lt;li&gt;&lt;a href=&quot;&quot;&gt;پارک‌ها و اماکن تفریحی&lt;/a&gt;&lt;/li&gt;
&lt;li&gt;&lt;a href=&quot;&quot;&gt;مکان‌های اسکان نوروزی&lt;/a&gt;&lt;/li&gt;
&lt;li&gt;&lt;a href=&quot;&quot;&gt;برنامه‌های فرهنگی&lt;/a&gt;&lt;/li&gt;
&lt;li&gt;&lt;a href=&quot;&quot;&gt;تورهای رایگان گردشگری&lt;/a&gt;&lt;/li&gt;
&lt;li&gt;&lt;a href=&quot;&quot;&gt;شماره تماس‌های ضروری&lt;/a&gt;&lt;/li&gt;
&lt;li&gt;&lt;a href=&quot;&quot;&gt;هواشناسی&lt;/a&gt;&lt;/li&gt;
&lt;li&gt;&lt;a href=&quot;&quot;&gt;وضعیت راه‌های استان&lt;/a&gt;&lt;/li&gt;&lt;/ul&gt;
&lt;p&gt;آرزوی سفری به یادماندنی در شهر قزوین برای شما داریم.&lt;/p&gt;]]></value></item><item><title><![CDATA[Tagline]]></title><slug>tagline</slug><value><![CDATA[Qazvin The  Gate of Paradise]]></value></item></channel>
