<?xml version="1.0" encoding="UTF-8"?>
<pages><page><url><![CDATA[index]]></url><menuStatus><![CDATA[Y]]></menuStatus><menuOrder><![CDATA[1]]></menuOrder><menu><![CDATA[خانه]]></menu><title><![CDATA[سلام! به استان قزوین خوش آمدید!]]></title><parent><![CDATA[]]></parent><private><![CDATA[]]></private><tags><![CDATA[getsimple, easy, content management system]]></tags></page><page><url><![CDATA[temp]]></url><menuStatus><![CDATA[Y]]></menuStatus><menuOrder><![CDATA[2]]></menuOrder><menu><![CDATA[تاریخچه]]></menu><title><![CDATA[تاریخچه]]></title><parent><![CDATA[]]></parent><private><![CDATA[]]></private><tags><![CDATA[]]></tags></page><page><url><![CDATA[nature]]></url><menuStatus><![CDATA[Y]]></menuStatus><menuOrder><![CDATA[3]]></menuOrder><menu><![CDATA[جاذبه‌های طبیعی]]></menu><title><![CDATA[جاذبه‌های طبیعی]]></title><parent><![CDATA[]]></parent><private><![CDATA[]]></private><tags><![CDATA[]]></tags></page><page><url><![CDATA[parks]]></url><menuStatus><![CDATA[Y]]></menuStatus><menuOrder><![CDATA[4]]></menuOrder><menu><![CDATA[پارک ها و اماکن تفریحی]]></menu><title><![CDATA[پارک ها و اماکن تفریحی]]></title><parent><![CDATA[]]></parent><private><![CDATA[]]></private><tags><![CDATA[]]></tags></page><page><url><![CDATA[ziarati]]></url><menuStatus><![CDATA[Y]]></menuStatus><menuOrder><![CDATA[5]]></menuOrder><menu><![CDATA[اماکن زیارتی]]></menu><title><![CDATA[اماکن زیارتی]]></title><parent><![CDATA[]]></parent><private><![CDATA[]]></private><tags><![CDATA[]]></tags></page><page><url><![CDATA[tarikhi]]></url><menuStatus><![CDATA[Y]]></menuStatus><menuOrder><![CDATA[6]]></menuOrder><menu><![CDATA[اماکن تاریخی]]></menu><title><![CDATA[اماکن تاریخی]]></title><parent><![CDATA[]]></parent><private><![CDATA[]]></private><tags><![CDATA[]]></tags></page><page><url><![CDATA[cooki]]></url><menuStatus><![CDATA[Y]]></menuStatus><menuOrder><![CDATA[7]]></menuOrder><menu><![CDATA[شیرینی های سنتی]]></menu><title><![CDATA[شیرینی های سنتی]]></title><parent><![CDATA[]]></parent><private><![CDATA[]]></private><tags><![CDATA[]]></tags></page><page><url><![CDATA[sanaye-dasti]]></url><menuStatus><![CDATA[Y]]></menuStatus><menuOrder><![CDATA[8]]></menuOrder><menu><![CDATA[صنایع دستی]]></menu><title><![CDATA[صنایع دستی]]></title><parent><![CDATA[]]></parent><private><![CDATA[]]></private><tags><![CDATA[]]></tags></page><page><url><![CDATA[gaza]]></url><menuStatus><![CDATA[Y]]></menuStatus><menuOrder><![CDATA[9]]></menuOrder><menu><![CDATA[غذاهای سنتی]]></menu><title><![CDATA[غذاها و آش های سنتی]]></title><parent><![CDATA[]]></parent><private><![CDATA[]]></private><tags><![CDATA[]]></tags></page><page><url><![CDATA[mive-va-khoshkbar]]></url><menuStatus><![CDATA[Y]]></menuStatus><menuOrder><![CDATA[10]]></menuOrder><menu><![CDATA[میوه و خشکبار]]></menu><title><![CDATA[میوه و خشکبار]]></title><parent><![CDATA[]]></parent><private><![CDATA[]]></private><tags><![CDATA[]]></tags></page><page><url><![CDATA[agerdak]]></url><menuStatus><![CDATA[]]></menuStatus><menuOrder><![CDATA[0]]></menuOrder><menu><![CDATA[نان سنتی اَگِردَک]]></menu><title><![CDATA[نان سنتی اَگِردَک]]></title><parent><![CDATA[cooki]]></parent><private><![CDATA[]]></private><tags><![CDATA[]]></tags></page><page><url><![CDATA[sharbati]]></url><menuStatus><![CDATA[]]></menuStatus><menuOrder><![CDATA[1]]></menuOrder><menu><![CDATA[شیرینی شربتی]]></menu><title><![CDATA[شیرینی شربتی]]></title><parent><![CDATA[cooki]]></parent><private><![CDATA[]]></private><tags><![CDATA[]]></tags></page><page><url><![CDATA[nokhodi]]></url><menuStatus><![CDATA[]]></menuStatus><menuOrder><![CDATA[2]]></menuOrder><menu><![CDATA[شیرینی نخودی]]></menu><title><![CDATA[شیرینی نخودی]]></title><parent><![CDATA[cooki]]></parent><private><![CDATA[]]></private><tags><![CDATA[]]></tags></page><page><url><![CDATA[atabaki]]></url><menuStatus><![CDATA[]]></menuStatus><menuOrder><![CDATA[3]]></menuOrder><menu><![CDATA[شیرینی اتابکی(ولیعهدی)]]></menu><title><![CDATA[شیرینی اتابکی(ولیعهدی)]]></title><parent><![CDATA[cooki]]></parent><private><![CDATA[]]></private><tags><![CDATA[]]></tags></page><page><url><![CDATA[badami]]></url><menuStatus><![CDATA[]]></menuStatus><menuOrder><![CDATA[4]]></menuOrder><menu><![CDATA[شیرینی (قرابیه)بادامی]]></menu><title><![CDATA[شیرینی (قرابیه)بادامی]]></title><parent><![CDATA[cooki]]></parent><private><![CDATA[]]></private><tags><![CDATA[]]></tags></page><page><url><![CDATA[paderazi]]></url><menuStatus><![CDATA[]]></menuStatus><menuOrder><![CDATA[5]]></menuOrder><menu><![CDATA[پادرازی]]></menu><title><![CDATA[پادرازی]]></title><parent><![CDATA[cooki]]></parent><private><![CDATA[]]></private><tags><![CDATA[]]></tags></page><page><url><![CDATA[qandi]]></url><menuStatus><![CDATA[]]></menuStatus><menuOrder><![CDATA[6]]></menuOrder><menu><![CDATA[شیرینی قندی]]></menu><title><![CDATA[شیرینی قندی]]></title><parent><![CDATA[cooki]]></parent><private><![CDATA[]]></private><tags><![CDATA[]]></tags></page><page><url><![CDATA[baqlava]]></url><menuStatus><![CDATA[]]></menuStatus><menuOrder><![CDATA[7]]></menuOrder><menu><![CDATA[باقلوا های رنگارنگ]]></menu><title><![CDATA[باقلوا های رنگارنگ]]></title><parent><![CDATA[cooki]]></parent><private><![CDATA[]]></private><tags><![CDATA[]]></tags></page><page><url><![CDATA[berenji]]></url><menuStatus><![CDATA[]]></menuStatus><menuOrder><![CDATA[8]]></menuOrder><menu><![CDATA[نان برنجی]]></menu><title><![CDATA[نان برنجی]]></title><parent><![CDATA[cooki]]></parent><private><![CDATA[]]></private><tags><![CDATA[]]></tags></page><page><url><![CDATA[nanchaee-1]]></url><menuStatus><![CDATA[]]></menuStatus><menuOrder><![CDATA[9]]></menuOrder><menu><![CDATA[شیرینی های سنتی]]></menu><title><![CDATA[نان چایی]]></title><parent><![CDATA[cooki]]></parent><private><![CDATA[]]></private><tags><![CDATA[]]></tags></page><page><url><![CDATA[nazok1]]></url><menuStatus><![CDATA[]]></menuStatus><menuOrder><![CDATA[10]]></menuOrder><menu><![CDATA[نان نازک]]></menu><title><![CDATA[نان نازک]]></title><parent><![CDATA[cooki]]></parent><private><![CDATA[]]></private><tags><![CDATA[]]></tags></page><page><url><![CDATA[charkhi1]]></url><menuStatus><![CDATA[]]></menuStatus><menuOrder><![CDATA[11]]></menuOrder><menu><![CDATA[نان چرخی]]></menu><title><![CDATA[نان چرخی]]></title><parent><![CDATA[cooki]]></parent><private><![CDATA[]]></private><tags><![CDATA[]]></tags></page><page><url><![CDATA[ash-mash-va-piyz]]></url><menuStatus><![CDATA[]]></menuStatus><menuOrder><![CDATA[0]]></menuOrder><menu><![CDATA[آش ماش و پیاز]]></menu><title><![CDATA[آش ماش و پیاز]]></title><parent><![CDATA[gaza]]></parent><private><![CDATA[]]></private><tags><![CDATA[]]></tags></page><page><url><![CDATA[ash-dooq]]></url><menuStatus><![CDATA[]]></menuStatus><menuOrder><![CDATA[1]]></menuOrder><menu><![CDATA[آش دوغ]]></menu><title><![CDATA[آش دوغ]]></title><parent><![CDATA[gaza]]></parent><private><![CDATA[]]></private><tags><![CDATA[]]></tags></page><page><url><![CDATA[mashkoofi]]></url><menuStatus><![CDATA[]]></menuStatus><menuOrder><![CDATA[2]]></menuOrder><menu><![CDATA[مشکوفی قزوین]]></menu><title><![CDATA[مشکوفی قزوین]]></title><parent><![CDATA[gaza]]></parent><private><![CDATA[]]></private><tags><![CDATA[]]></tags></page><page><url><![CDATA[kokoshirin]]></url><menuStatus><![CDATA[]]></menuStatus><menuOrder><![CDATA[3]]></menuOrder><menu><![CDATA[کوکو شیرین قزوینی]]></menu><title><![CDATA[کوکو شیرین قزوینی]]></title><parent><![CDATA[gaza]]></parent><private><![CDATA[]]></private><tags><![CDATA[]]></tags></page><page><url><![CDATA[qeymenesr]]></url><menuStatus><![CDATA[]]></menuStatus><menuOrder><![CDATA[4]]></menuOrder><menu><![CDATA[قیمه نثار]]></menu><title><![CDATA[قیمه نثار]]></title><parent><![CDATA[gaza]]></parent><private><![CDATA[]]></private><tags><![CDATA[]]></tags></page><page><url><![CDATA[shirinpolo]]></url><menuStatus><![CDATA[]]></menuStatus><menuOrder><![CDATA[5]]></menuOrder><menu><![CDATA[شیرین پلو]]></menu><title><![CDATA[شیرین پلو]]></title><parent><![CDATA[gaza]]></parent><private><![CDATA[]]></private><tags><![CDATA[]]></tags></page><page><url><![CDATA[doymaj]]></url><menuStatus><![CDATA[]]></menuStatus><menuOrder><![CDATA[6]]></menuOrder><menu><![CDATA[دیماج قزوینی]]></menu><title><![CDATA[دیماج قزوینی]]></title><parent><![CDATA[gaza]]></parent><private><![CDATA[]]></private><tags><![CDATA[]]></tags></page><page><url><![CDATA[peste]]></url><menuStatus><![CDATA[]]></menuStatus><menuOrder><![CDATA[0]]></menuOrder><menu><![CDATA[پسته سبز قزوین]]></menu><title><![CDATA[پسته سبز قزوین]]></title><parent><![CDATA[mive-va-khoshkbar]]></parent><private><![CDATA[]]></private><tags><![CDATA[]]></tags></page><page><url><![CDATA[baghestan1]]></url><menuStatus><![CDATA[]]></menuStatus><menuOrder><![CDATA[0]]></menuOrder><menu><![CDATA[باغستان‌های سنتی قزوین]]></menu><title><![CDATA[باغستان‌های سنتی قزوین]]></title><parent><![CDATA[nature]]></parent><private><![CDATA[]]></private><tags><![CDATA[]]></tags></page><page><url><![CDATA[ovan1]]></url><menuStatus><![CDATA[]]></menuStatus><menuOrder><![CDATA[1]]></menuOrder><menu><![CDATA[دریاچه اوان]]></menu><title><![CDATA[دریاچه اوان]]></title><parent><![CDATA[nature]]></parent><private><![CDATA[]]></private><tags><![CDATA[]]></tags></page><page><url><![CDATA[alamoot1]]></url><menuStatus><![CDATA[]]></menuStatus><menuOrder><![CDATA[2]]></menuOrder><menu><![CDATA[قلعه الموت]]></menu><title><![CDATA[قلعه الموت]]></title><parent><![CDATA[nature]]></parent><private><![CDATA[]]></private><tags><![CDATA[]]></tags></page><page><url><![CDATA[dalfak1]]></url><menuStatus><![CDATA[]]></menuStatus><menuOrder><![CDATA[0]]></menuOrder><menu><![CDATA[شهربازی دالفک]]></menu><title><![CDATA[شهربازی دالفک]]></title><parent><![CDATA[parks]]></parent><private><![CDATA[]]></private><tags><![CDATA[]]></tags></page><page><url><![CDATA[mashahir1]]></url><menuStatus><![CDATA[]]></menuStatus><menuOrder><![CDATA[1]]></menuOrder><menu><![CDATA[بوستان مشاهير]]></menu><title><![CDATA[بوستان مشاهير]]></title><parent><![CDATA[parks]]></parent><private><![CDATA[]]></private><tags><![CDATA[]]></tags></page><page><url><![CDATA[tele1]]></url><menuStatus><![CDATA[]]></menuStatus><menuOrder><![CDATA[2]]></menuOrder><menu><![CDATA[تله سی یژ]]></menu><title><![CDATA[تله سی یژ]]></title><parent><![CDATA[parks]]></parent><private><![CDATA[]]></private><tags><![CDATA[]]></tags></page><page><url><![CDATA[mellat1]]></url><menuStatus><![CDATA[]]></menuStatus><menuOrder><![CDATA[3]]></menuOrder><menu><![CDATA[بوستان ملت]]></menu><title><![CDATA[بوستان ملت]]></title><parent><![CDATA[parks]]></parent><private><![CDATA[]]></private><tags><![CDATA[]]></tags></page><page><url><![CDATA[mola1]]></url><menuStatus><![CDATA[]]></menuStatus><menuOrder><![CDATA[4]]></menuOrder><menu><![CDATA[بوستان ملاخلیلا]]></menu><title><![CDATA[بوستان ملاخلیلا]]></title><parent><![CDATA[parks]]></parent><private><![CDATA[]]></private><tags><![CDATA[]]></tags></page><page><url><![CDATA[barajin]]></url><menuStatus><![CDATA[]]></menuStatus><menuOrder><![CDATA[5]]></menuOrder><menu><![CDATA[بوستان باراجین]]></menu><title><![CDATA[بوستان باراجین]]></title><parent><![CDATA[parks]]></parent><private><![CDATA[]]></private><tags><![CDATA[]]></tags></page><page><url><![CDATA[alborzbirds]]></url><menuStatus><![CDATA[]]></menuStatus><menuOrder><![CDATA[6]]></menuOrder><menu><![CDATA[باغ پرندگان البرز]]></menu><title><![CDATA[باغ پرندگان البرز]]></title><parent><![CDATA[parks]]></parent><private><![CDATA[]]></private><tags><![CDATA[]]></tags></page><page><url><![CDATA[chador]]></url><menuStatus><![CDATA[]]></menuStatus><menuOrder><![CDATA[0]]></menuOrder><menu><![CDATA[چادرشب بافی ]]></menu><title><![CDATA[چادرشب بافی ]]></title><parent><![CDATA[sanaye-dasti]]></parent><private><![CDATA[]]></private><tags><![CDATA[]]></tags></page><page><url><![CDATA[qalibafi]]></url><menuStatus><![CDATA[]]></menuStatus><menuOrder><![CDATA[1]]></menuOrder><menu><![CDATA[قالی بافی و گلیم بافی]]></menu><title><![CDATA[قالی بافی و گلیم بافی]]></title><parent><![CDATA[sanaye-dasti]]></parent><private><![CDATA[]]></private><tags><![CDATA[]]></tags></page><page><url><![CDATA[serme]]></url><menuStatus><![CDATA[]]></menuStatus><menuOrder><![CDATA[2]]></menuOrder><menu><![CDATA[سرمه دوزی]]></menu><title><![CDATA[سرمه دوزی]]></title><parent><![CDATA[sanaye-dasti]]></parent><private><![CDATA[]]></private><tags><![CDATA[]]></tags></page><page><url><![CDATA[jajim]]></url><menuStatus><![CDATA[]]></menuStatus><menuOrder><![CDATA[3]]></menuOrder><menu><![CDATA[جاجیم بافی]]></menu><title><![CDATA[جاجیم بافی]]></title><parent><![CDATA[sanaye-dasti]]></parent><private><![CDATA[]]></private><tags><![CDATA[]]></tags></page><page><url><![CDATA[ghajar1]]></url><menuStatus><![CDATA[]]></menuStatus><menuOrder><![CDATA[0]]></menuOrder><menu><![CDATA[گرمابه قجر]]></menu><title><![CDATA[گرمابه قجر]]></title><parent><![CDATA[tarikhi]]></parent><private><![CDATA[]]></private><tags><![CDATA[]]></tags></page><page><url><![CDATA[alighapoo1]]></url><menuStatus><![CDATA[]]></menuStatus><menuOrder><![CDATA[1]]></menuOrder><menu><![CDATA[سردر عالی قاپو]]></menu><title><![CDATA[سردر عالی قاپو]]></title><parent><![CDATA[tarikhi]]></parent><private><![CDATA[]]></private><tags><![CDATA[]]></tags></page><page><url><![CDATA[mostofi1]]></url><menuStatus><![CDATA[]]></menuStatus><menuOrder><![CDATA[2]]></menuOrder><menu><![CDATA[آرامگاه حمدالله مستوفی]]></menu><title><![CDATA[آرامگاه حمدالله مستوفی]]></title><parent><![CDATA[tarikhi]]></parent><private><![CDATA[]]></private><tags><![CDATA[]]></tags></page><page><url><![CDATA[abanbarsardar1]]></url><menuStatus><![CDATA[]]></menuStatus><menuOrder><![CDATA[3]]></menuOrder><menu><![CDATA[آب‌انبار سردار]]></menu><title><![CDATA[آب‌انبار سردار]]></title><parent><![CDATA[tarikhi]]></parent><private><![CDATA[]]></private><tags><![CDATA[]]></tags></page><page><url><![CDATA[abanbarjame1]]></url><menuStatus><![CDATA[]]></menuStatus><menuOrder><![CDATA[4]]></menuOrder><menu><![CDATA[آب‌انبار مسجد جامع]]></menu><title><![CDATA[آب‌انبار مسجد جامع]]></title><parent><![CDATA[tarikhi]]></parent><private><![CDATA[]]></private><tags><![CDATA[]]></tags></page><page><url><![CDATA[atigh1]]></url><menuStatus><![CDATA[]]></menuStatus><menuOrder><![CDATA[5]]></menuOrder><menu><![CDATA[مسجد جامع عتيق]]></menu><title><![CDATA[مسجد جامع عتيق]]></title><parent><![CDATA[tarikhi]]></parent><private><![CDATA[]]></private><tags><![CDATA[]]></tags></page><page><url><![CDATA[aminiha1]]></url><menuStatus><![CDATA[]]></menuStatus><menuOrder><![CDATA[6]]></menuOrder><menu><![CDATA[حسینیه امینی‌ها]]></menu><title><![CDATA[حسینیه امینی‌ها]]></title><parent><![CDATA[tarikhi]]></parent><private><![CDATA[]]></private><tags><![CDATA[]]></tags></page><page><url><![CDATA[chehelsoton1]]></url><menuStatus><![CDATA[]]></menuStatus><menuOrder><![CDATA[7]]></menuOrder><menu><![CDATA[عمارت چهل‌ستون]]></menu><title><![CDATA[عمارت چهل‌ستون]]></title><parent><![CDATA[tarikhi]]></parent><private><![CDATA[]]></private><tags><![CDATA[]]></tags></page><page><url><![CDATA[emamzadehesmael1]]></url><menuStatus><![CDATA[]]></menuStatus><menuOrder><![CDATA[1]]></menuOrder><menu><![CDATA[امامزاده اسماعیل]]></menu><title><![CDATA[امامزاده اسماعیل(ع)]]></title><parent><![CDATA[ziarati]]></parent><private><![CDATA[]]></private><tags><![CDATA[]]></tags></page><page><url><![CDATA[emamzadehhosein1]]></url><menuStatus><![CDATA[]]></menuStatus><menuOrder><![CDATA[2]]></menuOrder><menu><![CDATA[امامزاده حسین]]></menu><title><![CDATA[امامزاده حسین(ع)]]></title><parent><![CDATA[ziarati]]></parent><private><![CDATA[]]></private><tags><![CDATA[]]></tags></page><page><url><![CDATA[peighambarie1]]></url><menuStatus><![CDATA[]]></menuStatus><menuOrder><![CDATA[3]]></menuOrder><menu><![CDATA[پیغمبریه (۴ انبيا)]]></menu><title><![CDATA[پیغمبریه (۴ انبيا)]]></title><parent><![CDATA[ziarati]]></parent><private><![CDATA[]]></private><tags><![CDATA[]]></tags></page></pages>
