<?xml version="1.0" encoding="UTF-8"?>
<channel><item><pubDate><![CDATA[Tue, 14 Mar 2017 15:38:35 +0330]]></pubDate><title><![CDATA[قالی بافی و گلیم بافی]]></title><url><![CDATA[qalibafi]]></url><meta><![CDATA[]]></meta><metad><![CDATA[]]></metad><menu><![CDATA[قالی بافی و گلیم بافی]]></menu><menuStatus><![CDATA[]]></menuStatus><template><![CDATA[template.php]]></template><parent><![CDATA[sanaye-dasti]]></parent><private><![CDATA[]]></private><author><![CDATA[shahami]]></author><menuOrder><![CDATA[1]]></menuOrder><slug><![CDATA[qalibafi]]></slug><filename><![CDATA[qalibafi.xml]]></filename></item><item><pubDate><![CDATA[Tue, 14 Mar 2017 15:26:20 +0330]]></pubDate><title><![CDATA[بوستان باراجین]]></title><url><![CDATA[barajin]]></url><meta><![CDATA[]]></meta><metad><![CDATA[]]></metad><menu><![CDATA[بوستان باراجین]]></menu><menuStatus><![CDATA[]]></menuStatus><template><![CDATA[template.php]]></template><parent><![CDATA[parks]]></parent><private><![CDATA[]]></private><author><![CDATA[shahami]]></author><menuOrder><![CDATA[5]]></menuOrder><slug><![CDATA[barajin]]></slug><filename><![CDATA[barajin.xml]]></filename></item><item><pubDate><![CDATA[Tue, 14 Mar 2017 16:01:24 +0330]]></pubDate><title><![CDATA[کوکو شیرین قزوینی]]></title><url><![CDATA[kokoshirin]]></url><meta><![CDATA[]]></meta><metad><![CDATA[]]></metad><menu><![CDATA[کوکو شیرین قزوینی]]></menu><menuStatus><![CDATA[]]></menuStatus><template><![CDATA[template.php]]></template><parent><![CDATA[gaza]]></parent><private><![CDATA[]]></private><author><![CDATA[shahami]]></author><menuOrder><![CDATA[3]]></menuOrder><slug><![CDATA[kokoshirin]]></slug><filename><![CDATA[kokoshirin.xml]]></filename></item><item><pubDate><![CDATA[Tue, 14 Mar 2017 13:18:38 +0330]]></pubDate><title><![CDATA[شیرینی های سنتی]]></title><url><![CDATA[cooki]]></url><meta><![CDATA[]]></meta><metad><![CDATA[]]></metad><menu><![CDATA[شیرینی های سنتی]]></menu><menuStatus><![CDATA[Y]]></menuStatus><template><![CDATA[template.php]]></template><parent><![CDATA[]]></parent><private><![CDATA[]]></private><author><![CDATA[shahami]]></author><menuOrder><![CDATA[7]]></menuOrder><slug><![CDATA[cooki]]></slug><filename><![CDATA[cooki.xml]]></filename></item><item><pubDate><![CDATA[Tue, 14 Mar 2017 15:48:13 +0330]]></pubDate><title><![CDATA[مشکوفی قزوین]]></title><url><![CDATA[mashkoofi]]></url><meta><![CDATA[]]></meta><metad><![CDATA[]]></metad><menu><![CDATA[مشکوفی قزوین]]></menu><menuStatus><![CDATA[]]></menuStatus><template><![CDATA[template.php]]></template><parent><![CDATA[gaza]]></parent><private><![CDATA[]]></private><author><![CDATA[shahami]]></author><menuOrder><![CDATA[2]]></menuOrder><slug><![CDATA[mashkoofi]]></slug><filename><![CDATA[mashkoofi.xml]]></filename></item><item><pubDate><![CDATA[Mon, 13 Mar 2017 12:36:44 +0330]]></pubDate><title><![CDATA[پارک ها و اماکن تفریحی]]></title><url><![CDATA[parks]]></url><meta><![CDATA[]]></meta><metad><![CDATA[]]></metad><menu><![CDATA[پارک ها و اماکن تفریحی]]></menu><menuStatus><![CDATA[Y]]></menuStatus><template><![CDATA[template.php]]></template><parent><![CDATA[]]></parent><private><![CDATA[]]></private><author><![CDATA[shahami]]></author><menuOrder><![CDATA[4]]></menuOrder><slug><![CDATA[parks]]></slug><filename><![CDATA[parks.xml]]></filename></item><item><pubDate><![CDATA[Mon, 13 Mar 2017 13:02:55 +0330]]></pubDate><title><![CDATA[تاریخچه]]></title><url><![CDATA[temp]]></url><meta><![CDATA[]]></meta><metad><![CDATA[]]></metad><menu><![CDATA[تاریخچه]]></menu><menuStatus><![CDATA[Y]]></menuStatus><template><![CDATA[template.php]]></template><parent><![CDATA[]]></parent><private><![CDATA[]]></private><author><![CDATA[shahami]]></author><menuOrder><![CDATA[2]]></menuOrder><slug><![CDATA[temp]]></slug><filename><![CDATA[temp.xml]]></filename></item><item><pubDate><![CDATA[Mon, 13 Mar 2017 16:06:50 +0330]]></pubDate><title><![CDATA[عمارت چهل‌ستون]]></title><url><![CDATA[chehelsoton1]]></url><meta><![CDATA[]]></meta><metad><![CDATA[]]></metad><menu><![CDATA[عمارت چهل‌ستون]]></menu><menuStatus><![CDATA[]]></menuStatus><template><![CDATA[template.php]]></template><parent><![CDATA[tarikhi]]></parent><private><![CDATA[]]></private><author><![CDATA[shahami]]></author><menuOrder><![CDATA[7]]></menuOrder><slug><![CDATA[chehelsoton1]]></slug><filename><![CDATA[chehelsoton1.xml]]></filename></item><item><pubDate><![CDATA[Tue, 14 Mar 2017 16:02:46 +0330]]></pubDate><title><![CDATA[آش ماش و پیاز]]></title><url><![CDATA[ash-mash-va-piyz]]></url><meta><![CDATA[]]></meta><metad><![CDATA[]]></metad><menu><![CDATA[آش ماش و پیاز]]></menu><menuOrder><![CDATA[0]]></menuOrder><menuStatus><![CDATA[]]></menuStatus><template><![CDATA[template.php]]></template><parent><![CDATA[gaza]]></parent><private><![CDATA[]]></private><author><![CDATA[shahami]]></author><slug><![CDATA[ash-mash-va-piyz]]></slug><filename><![CDATA[ash-mash-va-piyz.xml]]></filename></item><item><pubDate><![CDATA[Tue, 14 Mar 2017 15:24:47 +0330]]></pubDate><title><![CDATA[تله سی یژ]]></title><url><![CDATA[tele1]]></url><meta><![CDATA[]]></meta><metad><![CDATA[]]></metad><menu><![CDATA[تله سی یژ]]></menu><menuStatus><![CDATA[]]></menuStatus><template><![CDATA[template.php]]></template><parent><![CDATA[parks]]></parent><private><![CDATA[]]></private><author><![CDATA[shahami]]></author><menuOrder><![CDATA[2]]></menuOrder><slug><![CDATA[tele1]]></slug><filename><![CDATA[tele1.xml]]></filename></item><item><pubDate><![CDATA[Tue, 14 Mar 2017 15:28:13 +0330]]></pubDate><title><![CDATA[شیرینی نخودی]]></title><url><![CDATA[nokhodi]]></url><meta><![CDATA[]]></meta><metad><![CDATA[]]></metad><menu><![CDATA[شیرینی نخودی]]></menu><menuStatus><![CDATA[]]></menuStatus><template><![CDATA[template.php]]></template><parent><![CDATA[cooki]]></parent><private><![CDATA[]]></private><author><![CDATA[shahami]]></author><menuOrder><![CDATA[2]]></menuOrder><slug><![CDATA[nokhodi]]></slug><filename><![CDATA[nokhodi.xml]]></filename></item><item><pubDate><![CDATA[Tue, 14 Mar 2017 14:12:55 +0330]]></pubDate><title><![CDATA[صنایع دستی]]></title><url><![CDATA[sanaye-dasti]]></url><meta><![CDATA[]]></meta><metad><![CDATA[]]></metad><menu><![CDATA[صنایع دستی]]></menu><menuStatus><![CDATA[Y]]></menuStatus><template><![CDATA[template.php]]></template><parent><![CDATA[]]></parent><private><![CDATA[]]></private><author><![CDATA[shahami]]></author><menuOrder><![CDATA[8]]></menuOrder><slug><![CDATA[sanaye-dasti]]></slug><filename><![CDATA[sanaye-dasti.xml]]></filename></item><item><pubDate><![CDATA[Mon, 13 Mar 2017 16:17:25 +0330]]></pubDate><title><![CDATA[سردر عالی قاپو]]></title><url><![CDATA[alighapoo1]]></url><meta><![CDATA[]]></meta><metad><![CDATA[]]></metad><menu><![CDATA[سردر عالی قاپو]]></menu><menuStatus><![CDATA[]]></menuStatus><template><![CDATA[template.php]]></template><parent><![CDATA[tarikhi]]></parent><private><![CDATA[]]></private><author><![CDATA[shahami]]></author><menuOrder><![CDATA[1]]></menuOrder><slug><![CDATA[alighapoo1]]></slug><filename><![CDATA[alighapoo1.xml]]></filename></item><item><pubDate><![CDATA[Mon, 13 Mar 2017 16:05:20 +0330]]></pubDate><title><![CDATA[حسینیه امینی‌ها]]></title><url><![CDATA[aminiha1]]></url><meta><![CDATA[]]></meta><metad><![CDATA[]]></metad><menu><![CDATA[حسینیه امینی‌ها]]></menu><menuStatus><![CDATA[]]></menuStatus><template><![CDATA[template.php]]></template><parent><![CDATA[tarikhi]]></parent><private><![CDATA[]]></private><author><![CDATA[shahami]]></author><menuOrder><![CDATA[6]]></menuOrder><slug><![CDATA[aminiha1]]></slug><filename><![CDATA[aminiha1.xml]]></filename></item><item><pubDate><![CDATA[Mon, 13 Mar 2017 16:23:23 +0330]]></pubDate><title><![CDATA[سلام! به استان قزوین خوش آمدید!]]></title><url><![CDATA[index]]></url><meta><![CDATA[getsimple, easy, content management system]]></meta><metad><![CDATA[]]></metad><menu><![CDATA[خانه]]></menu><menuStatus><![CDATA[Y]]></menuStatus><template><![CDATA[template.php]]></template><parent><![CDATA[]]></parent><private><![CDATA[]]></private><author><![CDATA[shahami]]></author><menuOrder><![CDATA[1]]></menuOrder><slug><![CDATA[index]]></slug><filename><![CDATA[index.xml]]></filename></item><item><pubDate><![CDATA[Tue, 14 Mar 2017 15:49:09 +0330]]></pubDate><title><![CDATA[قیمه نثار]]></title><url><![CDATA[qeymenesr]]></url><meta><![CDATA[]]></meta><metad><![CDATA[]]></metad><menu><![CDATA[قیمه نثار]]></menu><menuStatus><![CDATA[]]></menuStatus><template><![CDATA[template.php]]></template><parent><![CDATA[gaza]]></parent><private><![CDATA[]]></private><author><![CDATA[shahami]]></author><menuOrder><![CDATA[4]]></menuOrder><slug><![CDATA[qeymenesr]]></slug><filename><![CDATA[qeymenesr.xml]]></filename></item><item><pubDate><![CDATA[Mon, 13 Mar 2017 15:59:16 +0330]]></pubDate><title><![CDATA[اماکن تاریخی]]></title><url><![CDATA[tarikhi]]></url><meta><![CDATA[]]></meta><metad><![CDATA[]]></metad><menu><![CDATA[اماکن تاریخی]]></menu><menuStatus><![CDATA[Y]]></menuStatus><template><![CDATA[template.php]]></template><parent><![CDATA[]]></parent><private><![CDATA[]]></private><author><![CDATA[shahami]]></author><menuOrder><![CDATA[6]]></menuOrder><slug><![CDATA[tarikhi]]></slug><filename><![CDATA[tarikhi.xml]]></filename></item><item><pubDate><![CDATA[Tue, 14 Mar 2017 15:29:36 +0330]]></pubDate><title><![CDATA[شیرینی اتابکی(ولیعهدی)]]></title><url><![CDATA[atabaki]]></url><meta><![CDATA[]]></meta><metad><![CDATA[]]></metad><menu><![CDATA[شیرینی اتابکی(ولیعهدی)]]></menu><menuStatus><![CDATA[]]></menuStatus><template><![CDATA[template.php]]></template><parent><![CDATA[cooki]]></parent><private><![CDATA[]]></private><author><![CDATA[shahami]]></author><menuOrder><![CDATA[3]]></menuOrder><slug><![CDATA[atabaki]]></slug><filename><![CDATA[atabaki.xml]]></filename></item><item><pubDate><![CDATA[Mon, 13 Mar 2017 16:02:10 +0330]]></pubDate><title><![CDATA[آب‌انبار سردار]]></title><url><![CDATA[abanbarsardar1]]></url><meta><![CDATA[]]></meta><metad><![CDATA[]]></metad><menu><![CDATA[آب‌انبار سردار]]></menu><menuStatus><![CDATA[]]></menuStatus><template><![CDATA[template.php]]></template><parent><![CDATA[tarikhi]]></parent><private><![CDATA[]]></private><author><![CDATA[shahami]]></author><menuOrder><![CDATA[3]]></menuOrder><slug><![CDATA[abanbarsardar1]]></slug><filename><![CDATA[abanbarsardar1.xml]]></filename></item><item><pubDate><![CDATA[Tue, 14 Mar 2017 15:48:54 +0330]]></pubDate><title><![CDATA[شیرین پلو]]></title><url><![CDATA[shirinpolo]]></url><meta><![CDATA[]]></meta><metad><![CDATA[]]></metad><menu><![CDATA[شیرین پلو]]></menu><menuStatus><![CDATA[]]></menuStatus><template><![CDATA[template.php]]></template><parent><![CDATA[gaza]]></parent><private><![CDATA[]]></private><author><![CDATA[shahami]]></author><menuOrder><![CDATA[5]]></menuOrder><slug><![CDATA[shirinpolo]]></slug><filename><![CDATA[shirinpolo.xml]]></filename></item><item><pubDate><![CDATA[Tue, 14 Mar 2017 15:35:23 +0330]]></pubDate><title><![CDATA[باقلوا های رنگارنگ]]></title><url><![CDATA[baqlava]]></url><meta><![CDATA[]]></meta><metad><![CDATA[]]></metad><menu><![CDATA[باقلوا های رنگارنگ]]></menu><menuStatus><![CDATA[]]></menuStatus><template><![CDATA[template.php]]></template><parent><![CDATA[cooki]]></parent><private><![CDATA[]]></private><author><![CDATA[shahami]]></author><menuOrder><![CDATA[7]]></menuOrder><slug><![CDATA[baqlava]]></slug><filename><![CDATA[baqlava.xml]]></filename></item><item><pubDate><![CDATA[Tue, 14 Mar 2017 15:27:54 +0330]]></pubDate><title><![CDATA[شیرینی شربتی]]></title><url><![CDATA[sharbati]]></url><meta><![CDATA[]]></meta><metad><![CDATA[]]></metad><menu><![CDATA[شیرینی شربتی]]></menu><menuStatus><![CDATA[]]></menuStatus><template><![CDATA[template.php]]></template><parent><![CDATA[cooki]]></parent><private><![CDATA[]]></private><author><![CDATA[shahami]]></author><menuOrder><![CDATA[1]]></menuOrder><slug><![CDATA[sharbati]]></slug><filename><![CDATA[sharbati.xml]]></filename></item><item><pubDate><![CDATA[Tue, 14 Mar 2017 14:10:07 +0330]]></pubDate><title><![CDATA[باغستان‌های سنتی قزوین]]></title><url><![CDATA[baghestan1]]></url><meta><![CDATA[]]></meta><metad><![CDATA[]]></metad><menu><![CDATA[باغستان‌های سنتی قزوین]]></menu><menuOrder><![CDATA[0]]></menuOrder><menuStatus><![CDATA[]]></menuStatus><template><![CDATA[template.php]]></template><parent><![CDATA[nature]]></parent><private><![CDATA[]]></private><author><![CDATA[shahami]]></author><slug><![CDATA[baghestan1]]></slug><filename><![CDATA[baghestan1.xml]]></filename></item><item><pubDate><![CDATA[Tue, 14 Mar 2017 15:36:20 +0330]]></pubDate><title><![CDATA[غذاها و آش های سنتی]]></title><url><![CDATA[gaza]]></url><meta><![CDATA[]]></meta><metad><![CDATA[]]></metad><menu><![CDATA[غذاهای سنتی]]></menu><menuStatus><![CDATA[Y]]></menuStatus><template><![CDATA[template.php]]></template><parent><![CDATA[]]></parent><private><![CDATA[]]></private><author><![CDATA[shahami]]></author><menuOrder><![CDATA[9]]></menuOrder><slug><![CDATA[gaza]]></slug><filename><![CDATA[gaza.xml]]></filename></item><item><pubDate><![CDATA[Mon, 13 Mar 2017 13:36:57 +0330]]></pubDate><title><![CDATA[امامزاده اسماعیل(ع)]]></title><url><![CDATA[emamzadehesmael1]]></url><meta><![CDATA[]]></meta><metad><![CDATA[]]></metad><menu><![CDATA[امامزاده اسماعیل]]></menu><menuStatus><![CDATA[]]></menuStatus><template><![CDATA[template.php]]></template><parent><![CDATA[ziarati]]></parent><private><![CDATA[]]></private><author><![CDATA[shahami]]></author><menuOrder><![CDATA[1]]></menuOrder><slug><![CDATA[emamzadehesmael1]]></slug><filename><![CDATA[emamzadehesmael1.xml]]></filename></item><item><pubDate><![CDATA[Tue, 14 Mar 2017 16:03:46 +0330]]></pubDate><title><![CDATA[پسته سبز قزوین]]></title><url><![CDATA[peste]]></url><meta><![CDATA[]]></meta><metad><![CDATA[]]></metad><menu><![CDATA[پسته سبز قزوین]]></menu><menuOrder><![CDATA[0]]></menuOrder><menuStatus><![CDATA[]]></menuStatus><template><![CDATA[template.php]]></template><parent><![CDATA[mive-va-khoshkbar]]></parent><private><![CDATA[]]></private><author><![CDATA[shahami]]></author><slug><![CDATA[peste]]></slug><filename><![CDATA[peste.xml]]></filename></item><item><pubDate><![CDATA[Tue, 14 Mar 2017 15:41:36 +0330]]></pubDate><title><![CDATA[سرمه دوزی]]></title><url><![CDATA[serme]]></url><meta><![CDATA[]]></meta><metad><![CDATA[]]></metad><menu><![CDATA[سرمه دوزی]]></menu><menuStatus><![CDATA[]]></menuStatus><template><![CDATA[template.php]]></template><parent><![CDATA[sanaye-dasti]]></parent><private><![CDATA[]]></private><author><![CDATA[shahami]]></author><menuOrder><![CDATA[2]]></menuOrder><slug><![CDATA[serme]]></slug><filename><![CDATA[serme.xml]]></filename></item><item><pubDate><![CDATA[Mon, 13 Mar 2017 12:13:03 +0330]]></pubDate><title><![CDATA[شهربازی دالفک]]></title><url><![CDATA[dalfak1]]></url><meta><![CDATA[]]></meta><metad><![CDATA[]]></metad><menu><![CDATA[شهربازی دالفک]]></menu><menuOrder><![CDATA[0]]></menuOrder><menuStatus><![CDATA[]]></menuStatus><template><![CDATA[template.php]]></template><parent><![CDATA[parks]]></parent><private><![CDATA[]]></private><author><![CDATA[shahami]]></author><slug><![CDATA[dalfak1]]></slug><filename><![CDATA[dalfak1.xml]]></filename></item><item><pubDate><![CDATA[Mon, 13 Mar 2017 16:04:14 +0330]]></pubDate><title><![CDATA[مسجد جامع عتيق]]></title><url><![CDATA[atigh1]]></url><meta><![CDATA[]]></meta><metad><![CDATA[]]></metad><menu><![CDATA[مسجد جامع عتيق]]></menu><menuStatus><![CDATA[]]></menuStatus><template><![CDATA[template.php]]></template><parent><![CDATA[tarikhi]]></parent><private><![CDATA[]]></private><author><![CDATA[shahami]]></author><menuOrder><![CDATA[5]]></menuOrder><slug><![CDATA[atigh1]]></slug><filename><![CDATA[atigh1.xml]]></filename></item><item><pubDate><![CDATA[Tue, 14 Mar 2017 15:29:50 +0330]]></pubDate><title><![CDATA[نان چرخی]]></title><url><![CDATA[charkhi1]]></url><meta><![CDATA[]]></meta><metad><![CDATA[]]></metad><menu><![CDATA[نان چرخی]]></menu><menuStatus><![CDATA[]]></menuStatus><template><![CDATA[template.php]]></template><parent><![CDATA[cooki]]></parent><private><![CDATA[]]></private><author><![CDATA[shahami]]></author><menuOrder><![CDATA[11]]></menuOrder><slug><![CDATA[charkhi1]]></slug><filename><![CDATA[charkhi1.xml]]></filename></item><item><pubDate><![CDATA[Tue, 14 Mar 2017 15:30:11 +0330]]></pubDate><title><![CDATA[شیرینی (قرابیه)بادامی]]></title><url><![CDATA[badami]]></url><meta><![CDATA[]]></meta><metad><![CDATA[]]></metad><menu><![CDATA[شیرینی (قرابیه)بادامی]]></menu><menuStatus><![CDATA[]]></menuStatus><template><![CDATA[template.php]]></template><parent><![CDATA[cooki]]></parent><private><![CDATA[]]></private><author><![CDATA[shahami]]></author><menuOrder><![CDATA[4]]></menuOrder><slug><![CDATA[badami]]></slug><filename><![CDATA[badami.xml]]></filename></item><item><pubDate><![CDATA[Tue, 14 Mar 2017 15:41:59 +0330]]></pubDate><title><![CDATA[نان نازک]]></title><url><![CDATA[nazok1]]></url><meta><![CDATA[]]></meta><metad><![CDATA[]]></metad><menu><![CDATA[نان نازک]]></menu><menuStatus><![CDATA[]]></menuStatus><template><![CDATA[template.php]]></template><parent><![CDATA[cooki]]></parent><private><![CDATA[]]></private><author><![CDATA[shahami]]></author><menuOrder><![CDATA[10]]></menuOrder><slug><![CDATA[nazok1]]></slug><filename><![CDATA[nazok1.xml]]></filename></item><item><pubDate><![CDATA[Mon, 13 Mar 2017 16:03:06 +0330]]></pubDate><title><![CDATA[آب‌انبار مسجد جامع]]></title><url><![CDATA[abanbarjame1]]></url><meta><![CDATA[]]></meta><metad><![CDATA[]]></metad><menu><![CDATA[آب‌انبار مسجد جامع]]></menu><menuStatus><![CDATA[]]></menuStatus><template><![CDATA[template.php]]></template><parent><![CDATA[tarikhi]]></parent><private><![CDATA[]]></private><author><![CDATA[shahami]]></author><menuOrder><![CDATA[4]]></menuOrder><slug><![CDATA[abanbarjame1]]></slug><filename><![CDATA[abanbarjame1.xml]]></filename></item><item><pubDate><![CDATA[Mon, 13 Mar 2017 16:00:59 +0330]]></pubDate><title><![CDATA[آرامگاه حمدالله مستوفی]]></title><url><![CDATA[mostofi1]]></url><meta><![CDATA[]]></meta><metad><![CDATA[]]></metad><menu><![CDATA[آرامگاه حمدالله مستوفی]]></menu><menuStatus><![CDATA[]]></menuStatus><template><![CDATA[template.php]]></template><parent><![CDATA[tarikhi]]></parent><private><![CDATA[]]></private><author><![CDATA[shahami]]></author><menuOrder><![CDATA[2]]></menuOrder><slug><![CDATA[mostofi1]]></slug><filename><![CDATA[mostofi1.xml]]></filename></item><item><pubDate><![CDATA[Tue, 14 Mar 2017 15:25:17 +0330]]></pubDate><title><![CDATA[بوستان ملت]]></title><url><![CDATA[mellat1]]></url><meta><![CDATA[]]></meta><metad><![CDATA[]]></metad><menu><![CDATA[بوستان ملت]]></menu><menuStatus><![CDATA[]]></menuStatus><template><![CDATA[template.php]]></template><parent><![CDATA[parks]]></parent><private><![CDATA[]]></private><author><![CDATA[shahami]]></author><menuOrder><![CDATA[3]]></menuOrder><slug><![CDATA[mellat1]]></slug><filename><![CDATA[mellat1.xml]]></filename></item><item><pubDate><![CDATA[Mon, 13 Mar 2017 13:36:45 +0330]]></pubDate><title><![CDATA[اماکن زیارتی]]></title><url><![CDATA[ziarati]]></url><meta><![CDATA[]]></meta><metad><![CDATA[]]></metad><menu><![CDATA[اماکن زیارتی]]></menu><menuStatus><![CDATA[Y]]></menuStatus><template><![CDATA[template.php]]></template><parent><![CDATA[]]></parent><private><![CDATA[]]></private><author><![CDATA[shahami]]></author><menuOrder><![CDATA[5]]></menuOrder><slug><![CDATA[ziarati]]></slug><filename><![CDATA[ziarati.xml]]></filename></item><item><pubDate><![CDATA[Mon, 13 Mar 2017 13:20:31 +0330]]></pubDate><title><![CDATA[جاذبه‌های طبیعی]]></title><url><![CDATA[nature]]></url><meta><![CDATA[]]></meta><metad><![CDATA[]]></metad><menu><![CDATA[جاذبه‌های طبیعی]]></menu><menuStatus><![CDATA[Y]]></menuStatus><template><![CDATA[template.php]]></template><parent><![CDATA[]]></parent><private><![CDATA[]]></private><author><![CDATA[shahami]]></author><menuOrder><![CDATA[3]]></menuOrder><slug><![CDATA[nature]]></slug><filename><![CDATA[nature.xml]]></filename></item><item><pubDate><![CDATA[Mon, 13 Mar 2017 13:40:19 +0330]]></pubDate><title><![CDATA[امامزاده حسین(ع)]]></title><url><![CDATA[emamzadehhosein1]]></url><meta><![CDATA[]]></meta><metad><![CDATA[]]></metad><menu><![CDATA[امامزاده حسین]]></menu><menuStatus><![CDATA[]]></menuStatus><template><![CDATA[template.php]]></template><parent><![CDATA[ziarati]]></parent><private><![CDATA[]]></private><author><![CDATA[shahami]]></author><menuOrder><![CDATA[2]]></menuOrder><slug><![CDATA[emamzadehhosein1]]></slug><filename><![CDATA[emamzadehhosein1.xml]]></filename></item><item><pubDate><![CDATA[Mon, 13 Mar 2017 16:19:45 +0330]]></pubDate><title><![CDATA[گرمابه قجر]]></title><url><![CDATA[ghajar1]]></url><meta><![CDATA[]]></meta><metad><![CDATA[]]></metad><menu><![CDATA[گرمابه قجر]]></menu><menuOrder><![CDATA[0]]></menuOrder><menuStatus><![CDATA[]]></menuStatus><template><![CDATA[template.php]]></template><parent><![CDATA[tarikhi]]></parent><private><![CDATA[]]></private><author><![CDATA[shahami]]></author><slug><![CDATA[ghajar1]]></slug><filename><![CDATA[ghajar1.xml]]></filename></item><item><pubDate><![CDATA[Tue, 14 Mar 2017 15:42:23 +0330]]></pubDate><title><![CDATA[شیرینی قندی]]></title><url><![CDATA[qandi]]></url><meta><![CDATA[]]></meta><metad><![CDATA[]]></metad><menu><![CDATA[شیرینی قندی]]></menu><menuStatus><![CDATA[]]></menuStatus><template><![CDATA[template.php]]></template><parent><![CDATA[cooki]]></parent><private><![CDATA[]]></private><author><![CDATA[shahami]]></author><menuOrder><![CDATA[6]]></menuOrder><slug><![CDATA[qandi]]></slug><filename><![CDATA[qandi.xml]]></filename></item><item><pubDate><![CDATA[Tue, 14 Mar 2017 15:25:46 +0330]]></pubDate><title><![CDATA[بوستان ملاخلیلا]]></title><url><![CDATA[mola1]]></url><meta><![CDATA[]]></meta><metad><![CDATA[]]></metad><menu><![CDATA[بوستان ملاخلیلا]]></menu><menuStatus><![CDATA[]]></menuStatus><template><![CDATA[template.php]]></template><parent><![CDATA[parks]]></parent><private><![CDATA[]]></private><author><![CDATA[shahami]]></author><menuOrder><![CDATA[4]]></menuOrder><slug><![CDATA[mola1]]></slug><filename><![CDATA[mola1.xml]]></filename></item><item><pubDate><![CDATA[Tue, 14 Mar 2017 15:48:27 +0330]]></pubDate><title><![CDATA[آش دوغ]]></title><url><![CDATA[ash-dooq]]></url><meta><![CDATA[]]></meta><metad><![CDATA[]]></metad><menu><![CDATA[آش دوغ]]></menu><menuStatus><![CDATA[]]></menuStatus><template><![CDATA[template.php]]></template><parent><![CDATA[gaza]]></parent><private><![CDATA[]]></private><author><![CDATA[shahami]]></author><menuOrder><![CDATA[1]]></menuOrder><slug><![CDATA[ash-dooq]]></slug><filename><![CDATA[ash-dooq.xml]]></filename></item><item><pubDate><![CDATA[Tue, 14 Mar 2017 14:11:29 +0330]]></pubDate><title><![CDATA[قلعه الموت]]></title><url><![CDATA[alamoot1]]></url><meta><![CDATA[]]></meta><metad><![CDATA[]]></metad><menu><![CDATA[قلعه الموت]]></menu><menuStatus><![CDATA[]]></menuStatus><template><![CDATA[template.php]]></template><parent><![CDATA[nature]]></parent><private><![CDATA[]]></private><author><![CDATA[shahami]]></author><menuOrder><![CDATA[2]]></menuOrder><slug><![CDATA[alamoot1]]></slug><filename><![CDATA[alamoot1.xml]]></filename></item><item><pubDate><![CDATA[Tue, 14 Mar 2017 15:42:44 +0330]]></pubDate><title><![CDATA[نان چایی]]></title><url><![CDATA[nanchaee-1]]></url><meta><![CDATA[]]></meta><metad><![CDATA[]]></metad><menu><![CDATA[شیرینی های سنتی]]></menu><menuStatus><![CDATA[]]></menuStatus><template><![CDATA[template.php]]></template><parent><![CDATA[cooki]]></parent><private><![CDATA[]]></private><author><![CDATA[shahami]]></author><menuOrder><![CDATA[9]]></menuOrder><slug><![CDATA[nanchaee-1]]></slug><filename><![CDATA[nanchaee-1.xml]]></filename></item><item><pubDate><![CDATA[Tue, 14 Mar 2017 15:26:39 +0330]]></pubDate><title><![CDATA[باغ پرندگان البرز]]></title><url><![CDATA[alborzbirds]]></url><meta><![CDATA[]]></meta><metad><![CDATA[]]></metad><menu><![CDATA[باغ پرندگان البرز]]></menu><menuStatus><![CDATA[]]></menuStatus><template><![CDATA[template.php]]></template><parent><![CDATA[parks]]></parent><private><![CDATA[]]></private><author><![CDATA[shahami]]></author><menuOrder><![CDATA[6]]></menuOrder><slug><![CDATA[alborzbirds]]></slug><filename><![CDATA[alborzbirds.xml]]></filename></item><item><pubDate><![CDATA[Tue, 14 Mar 2017 16:04:09 +0330]]></pubDate><title><![CDATA[نان برنجی]]></title><url><![CDATA[berenji]]></url><meta><![CDATA[]]></meta><metad><![CDATA[]]></metad><menu><![CDATA[نان برنجی]]></menu><menuStatus><![CDATA[]]></menuStatus><template><![CDATA[template.php]]></template><parent><![CDATA[cooki]]></parent><private><![CDATA[]]></private><author><![CDATA[shahami]]></author><menuOrder><![CDATA[8]]></menuOrder><slug><![CDATA[berenji]]></slug><filename><![CDATA[berenji.xml]]></filename></item><item><pubDate><![CDATA[Tue, 14 Mar 2017 14:11:07 +0330]]></pubDate><title><![CDATA[دریاچه اوان]]></title><url><![CDATA[ovan1]]></url><meta><![CDATA[]]></meta><metad><![CDATA[]]></metad><menu><![CDATA[دریاچه اوان]]></menu><menuStatus><![CDATA[]]></menuStatus><template><![CDATA[template.php]]></template><parent><![CDATA[nature]]></parent><private><![CDATA[]]></private><author><![CDATA[shahami]]></author><menuOrder><![CDATA[1]]></menuOrder><slug><![CDATA[ovan1]]></slug><filename><![CDATA[ovan1.xml]]></filename></item><item><pubDate><![CDATA[Mon, 13 Mar 2017 10:42:37 +0330]]></pubDate><title><![CDATA[بوستان مشاهير]]></title><url><![CDATA[mashahir1]]></url><meta><![CDATA[]]></meta><metad><![CDATA[]]></metad><menu><![CDATA[بوستان مشاهير]]></menu><menuStatus><![CDATA[]]></menuStatus><template><![CDATA[template.php]]></template><parent><![CDATA[parks]]></parent><private><![CDATA[]]></private><author><![CDATA[shahami]]></author><menuOrder><![CDATA[1]]></menuOrder><slug><![CDATA[mashahir1]]></slug><filename><![CDATA[mashahir1.xml]]></filename></item><item><pubDate><![CDATA[Tue, 14 Mar 2017 15:27:39 +0330]]></pubDate><title><![CDATA[نان سنتی اَگِردَک]]></title><url><![CDATA[agerdak]]></url><meta><![CDATA[]]></meta><metad><![CDATA[]]></metad><menu><![CDATA[نان سنتی اَگِردَک]]></menu><menuOrder><![CDATA[0]]></menuOrder><menuStatus><![CDATA[]]></menuStatus><template><![CDATA[template.php]]></template><parent><![CDATA[cooki]]></parent><private><![CDATA[]]></private><author><![CDATA[shahami]]></author><slug><![CDATA[agerdak]]></slug><filename><![CDATA[agerdak.xml]]></filename></item><item><pubDate><![CDATA[Tue, 14 Mar 2017 15:54:17 +0330]]></pubDate><title><![CDATA[میوه و خشکبار]]></title><url><![CDATA[mive-va-khoshkbar]]></url><meta><![CDATA[]]></meta><metad><![CDATA[]]></metad><menu><![CDATA[میوه و خشکبار]]></menu><menuStatus><![CDATA[Y]]></menuStatus><template><![CDATA[template.php]]></template><parent><![CDATA[]]></parent><private><![CDATA[]]></private><author><![CDATA[shahami]]></author><menuOrder><![CDATA[10]]></menuOrder><slug><![CDATA[mive-va-khoshkbar]]></slug><filename><![CDATA[mive-va-khoshkbar.xml]]></filename></item><item><pubDate><![CDATA[Tue, 14 Mar 2017 15:47:00 +0330]]></pubDate><title><![CDATA[پادرازی]]></title><url><![CDATA[paderazi]]></url><meta><![CDATA[]]></meta><metad><![CDATA[]]></metad><menu><![CDATA[پادرازی]]></menu><menuStatus><![CDATA[]]></menuStatus><template><![CDATA[template.php]]></template><parent><![CDATA[cooki]]></parent><private><![CDATA[]]></private><author><![CDATA[shahami]]></author><menuOrder><![CDATA[5]]></menuOrder><slug><![CDATA[paderazi]]></slug><filename><![CDATA[paderazi.xml]]></filename></item><item><pubDate><![CDATA[Tue, 14 Mar 2017 16:04:24 +0330]]></pubDate><title><![CDATA[جاجیم بافی]]></title><url><![CDATA[jajim]]></url><meta><![CDATA[]]></meta><metad><![CDATA[]]></metad><menu><![CDATA[جاجیم بافی]]></menu><menuStatus><![CDATA[]]></menuStatus><template><![CDATA[template.php]]></template><parent><![CDATA[sanaye-dasti]]></parent><private><![CDATA[]]></private><author><![CDATA[shahami]]></author><menuOrder><![CDATA[3]]></menuOrder><slug><![CDATA[jajim]]></slug><filename><![CDATA[jajim.xml]]></filename></item><item><pubDate><![CDATA[Tue, 14 Mar 2017 15:48:40 +0330]]></pubDate><title><![CDATA[دیماج قزوینی]]></title><url><![CDATA[doymaj]]></url><meta><![CDATA[]]></meta><metad><![CDATA[]]></metad><menu><![CDATA[دیماج قزوینی]]></menu><menuStatus><![CDATA[]]></menuStatus><template><![CDATA[template.php]]></template><parent><![CDATA[gaza]]></parent><private><![CDATA[]]></private><author><![CDATA[shahami]]></author><menuOrder><![CDATA[6]]></menuOrder><slug><![CDATA[doymaj]]></slug><filename><![CDATA[doymaj.xml]]></filename></item><item><pubDate><![CDATA[Tue, 14 Mar 2017 15:38:18 +0330]]></pubDate><title><![CDATA[چادرشب بافی ]]></title><url><![CDATA[chador]]></url><meta><![CDATA[]]></meta><metad><![CDATA[]]></metad><menu><![CDATA[چادرشب بافی ]]></menu><menuOrder><![CDATA[0]]></menuOrder><menuStatus><![CDATA[]]></menuStatus><template><![CDATA[template.php]]></template><parent><![CDATA[sanaye-dasti]]></parent><private><![CDATA[]]></private><author><![CDATA[shahami]]></author><slug><![CDATA[chador]]></slug><filename><![CDATA[chador.xml]]></filename></item><item><pubDate><![CDATA[Mon, 13 Mar 2017 13:40:46 +0330]]></pubDate><title><![CDATA[پیغمبریه (۴ انبيا)]]></title><url><![CDATA[peighambarie1]]></url><meta><![CDATA[]]></meta><metad><![CDATA[]]></metad><menu><![CDATA[پیغمبریه (۴ انبيا)]]></menu><menuStatus><![CDATA[]]></menuStatus><template><![CDATA[template.php]]></template><parent><![CDATA[ziarati]]></parent><private><![CDATA[]]></private><author><![CDATA[shahami]]></author><menuOrder><![CDATA[3]]></menuOrder><slug><![CDATA[peighambarie1]]></slug><filename><![CDATA[peighambarie1.xml]]></filename></item></channel>
