<?xml version="1.0" encoding="UTF-8"?>
<item><pubDate>Mon, 13 Mar 2017 16:03:06 +0330</pubDate><title><![CDATA[آب‌انبار مسجد جامع]]></title><url><![CDATA[abanbarjame1]]></url><meta><![CDATA[]]></meta><metad><![CDATA[]]></metad><menu><![CDATA[آب‌انبار مسجد جامع]]></menu><menuStatus><![CDATA[]]></menuStatus><template><![CDATA[template.php]]></template><parent><![CDATA[tarikhi]]></parent><content><![CDATA[&lt;p style=&quot;text-align: justify;&quot;&gt;کهن‌ترین آب‌انبار موجود قزوین است که د ر عصر صفوی به سال ۱۰۹۳ هـ. ق توسط علی‌خان زنگنه با ۱۸۰۰ مترمکعب گنجایش و چهل‌پله راه شیر در شمال ورودی شرقی مسجد جامع بنا شده است. پوشش طاق و تویزه مخزن، نورگیر مشبک راه شیر و کتیبه سنگی به خط علا الدین قزوینی را از ویژگی‌های آن برشمرده‌اند. کاشی‌کاری، حجاری و کتیبه سنگی به خط ملک محمد قزوینی و مأذنه مسجد که بر سردر آب‌انبار قرار گرفته از ویژگی‌های آن است.&lt;/p&gt;

&lt;p style=&quot;text-align: center;&quot;&gt;&lt;img alt=&quot;&quot; src=&quot;/wifi/data/uploads/abanbarmasjed1.jpg&quot; style=&quot;width: 80%;&quot; /&gt;&lt;/p&gt;
&lt;p style=&quot;text-align: center;&quot;&gt;&lt;img alt=&quot;&quot; src=&quot;/wifi/data/uploads/abanbarmasjed2.jpg&quot; style=&quot;width: 80%;&quot; /&gt;&lt;/p&gt;
&lt;p style=&quot;text-align: center;&quot;&gt;&lt;img alt=&quot;&quot; src=&quot;/wifi/data/uploads/abanbarmasjed3.jpg&quot; style=&quot;width: 80%;&quot; /&gt;&lt;/p&gt;
]]></content><private><![CDATA[]]></private><author><![CDATA[shahami]]></author><menuOrder><![CDATA[4]]></menuOrder></item>
