<?xml version="1.0" encoding="UTF-8"?>
<item><pubDate>Mon, 13 Mar 2017 16:02:10 +0330</pubDate><title><![CDATA[آب‌انبار سردار]]></title><url><![CDATA[abanbarsardar1]]></url><meta><![CDATA[]]></meta><metad><![CDATA[]]></metad><menu><![CDATA[آب‌انبار سردار]]></menu><menuStatus><![CDATA[]]></menuStatus><template><![CDATA[template.php]]></template><parent><![CDATA[tarikhi]]></parent><content><![CDATA[&lt;p style=&quot;text-align: justify;&quot;&gt;بزرگ‌ترین آب‌انبار تک گنبدی ایران در کم آب‌ترین محله شهر به سال ۱۲۲۷ هـ. ق توسط برادران سردار قزوینی ساخته شده است و ۳۰۰۰ مترمکعب گنجایش دارد که با پنجاه پله به راه شیر می‌رسد. گنبد آجری به دهانه داخلی ۱۷ متر، ظرفیت نمادین مخزن، بخارکش مرکزی بر فراز گنبد، کاشی‌کاری معقلی و رسمی بندی سردر ورودی و راه شیر از ویژگی‌های آن است.&lt;/p&gt;

&lt;p style=&quot;text-align: center;&quot;&gt;&lt;img alt=&quot;&quot; src=&quot;/wifi/data/uploads/abanbarsardar1.jpg&quot; style=&quot;width: 80%;&quot; /&gt;&lt;/p&gt;
&lt;p style=&quot;text-align: center;&quot;&gt;&lt;img alt=&quot;&quot; src=&quot;/wifi/data/uploads/abanbarsardar2.jpg&quot; style=&quot;width: 80%;&quot; /&gt;&lt;/p&gt;
&lt;p style=&quot;text-align: center;&quot;&gt;&lt;img alt=&quot;&quot; src=&quot;/wifi/data/uploads/abanbarsardar3.jpg&quot; style=&quot;width: 80%;&quot; /&gt;&lt;/p&gt;
]]></content><private><![CDATA[]]></private><author><![CDATA[shahami]]></author><menuOrder><![CDATA[3]]></menuOrder></item>
