<?xml version="1.0" encoding="UTF-8"?>
<item><pubDate>Tue, 14 Mar 2017 15:27:39 +0330</pubDate><title><![CDATA[نان سنتی اَگِردَک]]></title><url><![CDATA[agerdak]]></url><meta><![CDATA[]]></meta><metad><![CDATA[]]></metad><menu><![CDATA[نان سنتی اَگِردَک]]></menu><menuOrder><![CDATA[0]]></menuOrder><menuStatus><![CDATA[]]></menuStatus><template><![CDATA[template.php]]></template><parent><![CDATA[cooki]]></parent><content><![CDATA[&lt;p&gt;این نان از نان های سنتی بسیار خوشمزه قزوین با طعمی شیرین است که علاوه بر استان قزوین در دیگر شهرهای ایران نیز پخت می شود.&amp;nbsp;نان سنتی اگردَک با آرد، تخم مرغ، شیر،شکر، دارچین، زردجوبه تهیه می شود.&lt;/p&gt;

&lt;p style=&quot;text-align: center;&quot;&gt;&lt;img alt=&quot;&quot; src=&quot;/wifi/data/uploads/agerdak.jpg&quot; style=&quot;width: 80%;&quot; /&gt;&lt;/p&gt;

&lt;p style=&quot;text-align: center;&quot;&gt;&lt;img alt=&quot;&quot; src=&quot;/wifi/data/uploads/agerdak1.jpg&quot; style=&quot;width: 80%;&quot; /&gt;&lt;/p&gt;

&lt;p style=&quot;text-align: center;&quot;&gt;&lt;img alt=&quot;&quot; src=&quot;/wifi/data/uploads/agerdak3.jpg&quot; style=&quot;width: 80%;&quot; /&gt;&lt;/p&gt;
]]></content><private><![CDATA[]]></private><author><![CDATA[shahami]]></author></item>
