<?xml version="1.0" encoding="UTF-8"?>
<item><pubDate>Tue, 14 Mar 2017 14:11:29 +0330</pubDate><title><![CDATA[قلعه الموت]]></title><url><![CDATA[alamoot1]]></url><meta><![CDATA[]]></meta><metad><![CDATA[]]></metad><menu><![CDATA[قلعه الموت]]></menu><menuStatus><![CDATA[]]></menuStatus><template><![CDATA[template.php]]></template><parent><![CDATA[nature]]></parent><content><![CDATA[&lt;p style=&quot;text-align: justify;&quot;&gt;در شمال آبادي گازرخان قرار دارد و به سال ۲۲۶ هـ.ق به دست حسن بن زيد علوي بنا شده است. اين دژ در شب چهارشنبه ششم رجب ۴۸۳ به تصرف حسن صباح درآمده و تا زمان سقوط اسماعيليان ايران به سال ۶۵۴ مركز فرمانروايي آنان بوده است. پرتگاه‌هاي مخوف گرداگرد قلعه،‌ خندق‌هاي سنگي جلوگيري كننده از نفوذ مهاجمان، ‌انبارهاي متعدد ذخيره آب و آذوقه سيستم پيچيده آب‌رسانی با حفر كانال و نصب تنبوشه از ويژگي‌هاي اين دژ به شمار مي‌رود. آثار و معماري بيرون كشيده شده از زير خاك طي چند فصل حفاري سال‌هاي اخير با نظارت سركار خانم دكتر چوبك تصوير تازه و متفاوتي از سيماي اين دژ دست‌نیافتنی را برابر ديدگان گردشگران قرار داده است.&lt;/p&gt;

&lt;p style=&quot;text-align: center;&quot;&gt;&lt;img alt=&quot;&quot; src=&quot;/wifi/data/uploads/alamot1.jpg&quot; style=&quot;width: 80%;&quot; /&gt;&lt;/p&gt;

&lt;p style=&quot;text-align: center;&quot;&gt;&lt;img alt=&quot;&quot; src=&quot;/wifi/data/uploads/alamoot33.jpg&quot; style=&quot;width: 80%;&quot; /&gt;&lt;/p&gt;

&lt;p style=&quot;text-align: center;&quot;&gt;&lt;img alt=&quot;&quot; src=&quot;/wifi/data/uploads/alamoot22.jpg&quot; style=&quot;width: 80%;&quot; /&gt;&lt;/p&gt;
]]></content><private><![CDATA[]]></private><author><![CDATA[shahami]]></author><menuOrder><![CDATA[2]]></menuOrder></item>
