<?xml version="1.0" encoding="UTF-8"?>
<item><pubDate>Tue, 14 Mar 2017 15:26:39 +0330</pubDate><title><![CDATA[باغ پرندگان البرز]]></title><url><![CDATA[alborzbirds]]></url><meta><![CDATA[]]></meta><metad><![CDATA[]]></metad><menu><![CDATA[باغ پرندگان البرز]]></menu><menuStatus><![CDATA[]]></menuStatus><template><![CDATA[template.php]]></template><parent><![CDATA[parks]]></parent><content><![CDATA[&lt;p style=&quot;text-align: justify;&quot;&gt;مجموعه باغ پرندگان شهرستان البرز با مساحت هجده هزار مترمربع با ترکیب متنوع از پرندگان، خزندگان، آبزیان و گیاهان تزیینی تعداد 18 قفس پرندگان تزیینی، یک قفس شترمرغ، یک قفس برای میمون‌ها و یک اتاق برای نمایشگاه مارها و ماهی‌ها، گلخانه به همراه پرندگان دست‌آموز و مارهای اهلی در شهر الوند به گردشگران و هم استانی‌های گرامی خدمات ارائه می‌دهد.&lt;br /&gt;
	پرندگان، آبزیان و خزندگان این مجموعه از 40 کشور جهان و کشور پهناورمان ایران جمع‌آوری‌شده است که جذابیت خاصی به این باغ داده و ساعات بازدید آن نیز از 9 صبح تا 9 شب می‌باشد. گردشگران می‌توانند ضمن بازدید از این باغ، از فضای پذیرایی آن نیز استفاده نمایند. مجموعه باغ پرندگان شهرستان البرز در شهر الوند میدان قدس روبروی پمپ‌بنزین واقع شده است و میهمانان گرامی می‌توانند در ساعات اعلام‌شده از این باغ دیدن نمایند.&lt;/p&gt;

&lt;p style=&quot;text-align: center;&quot;&gt;&lt;img alt=&quot;&quot; src=&quot;/wifi/data/uploads/alborz1.jpg&quot; style=&quot;width: 80%;&quot; /&gt;&lt;/p&gt;

&lt;p style=&quot;text-align: center;&quot;&gt;&lt;img alt=&quot;&quot; src=&quot;/wifi/data/uploads/alborz2.jpg&quot; style=&quot;width: 80%;&quot; /&gt;&lt;/p&gt;

&lt;p style=&quot;text-align: center;&quot;&gt;&lt;img alt=&quot;&quot; src=&quot;/wifi/data/uploads/alborz3.jpg&quot; style=&quot;width: 80%;&quot; /&gt;&lt;/p&gt;
]]></content><private><![CDATA[]]></private><author><![CDATA[shahami]]></author><menuOrder><![CDATA[6]]></menuOrder></item>
