<?xml version="1.0" encoding="UTF-8"?>
<item><pubDate>Mon, 13 Mar 2017 16:17:25 +0330</pubDate><title><![CDATA[سردر عالی قاپو]]></title><url><![CDATA[alighapoo1]]></url><meta><![CDATA[]]></meta><metad><![CDATA[]]></metad><menu><![CDATA[سردر عالی قاپو]]></menu><menuStatus><![CDATA[]]></menuStatus><template><![CDATA[template.php]]></template><parent><![CDATA[tarikhi]]></parent><content><![CDATA[&lt;p style=&quot;text-align: justify;&quot;&gt;از بین هفت در ورودی به ارگ صفوی، تنها در اصلی و جنوبی که به آن عالی قاپو می گفتند و به خیابان سپه(نخستین خیابان طراحی شده ایرانی) و میدان شاه باز می‌شده به یادگار مانده است. سردر رفیع 17 متری که مزین به کتیبه‌ای از علیرضا عباسی است و پس از جلوخان به هشتی محتشم بنا می‌پیوندد. دو گوشواره بلند در طرفین سردر که محل کوفتن نقاره بوده، تزئینات مقرنس‌کاری، طاقنماهای متعدد و نقوش سحر انگیز دیواری از ویژگی‌های این بنا است.&lt;/p&gt;

&lt;p style=&quot;text-align: center;&quot;&gt;&lt;img alt=&quot;&quot; src=&quot;/wifi/data/uploads/alighapo1.jpg&quot; style=&quot;width: 80%;&quot; /&gt;&lt;/p&gt;
&lt;p style=&quot;text-align: center;&quot;&gt;&lt;img alt=&quot;&quot; src=&quot;/wifi/data/uploads/alighapo2.jpg&quot; style=&quot;width: 80%;&quot; /&gt;&lt;/p&gt;
&lt;p style=&quot;text-align: center;&quot;&gt;&lt;img alt=&quot;&quot; src=&quot;/wifi/data/uploads/alighapo3.jpg&quot; style=&quot;width: 80%;&quot; /&gt;&lt;/p&gt;
]]></content><private><![CDATA[]]></private><author><![CDATA[shahami]]></author><menuOrder><![CDATA[1]]></menuOrder></item>
