<?xml version="1.0" encoding="UTF-8"?>
<item><pubDate>Mon, 13 Mar 2017 16:05:20 +0330</pubDate><title><![CDATA[حسینیه امینی‌ها]]></title><url><![CDATA[aminiha1]]></url><meta><![CDATA[]]></meta><metad><![CDATA[]]></metad><menu><![CDATA[حسینیه امینی‌ها]]></menu><menuStatus><![CDATA[]]></menuStatus><template><![CDATA[template.php]]></template><parent><![CDATA[tarikhi]]></parent><content><![CDATA[&lt;p style=&quot;text-align: justify;&quot;&gt;بخشی از یک عمارت گسترده و تودرتو است که به سال ۱۲۷۵ هـ. ق توسط مرحوم حاج محمدرضا امینی وقف شده و دارای دو حیاط، سه تالار، سردابه، آشپزخانه، آب‌انبار و شربت خانه است. آمیختگی حساب‌شده و زیبای گچ‌بری، آیینه‌کاری، نقاشی روی چوب در سقف، دیوار، رف‌ها و دیواره‌های متحرک چوبی بسیار چشمگیر و در حد شاهکار است.&lt;/p&gt;

&lt;p style=&quot;text-align: center;&quot;&gt;&lt;img alt=&quot;&quot; src=&quot;/wifi/data/uploads/hoseyniyeamini1.jpg&quot; style=&quot;width: 80%;&quot; /&gt;&lt;/p&gt;
&lt;p style=&quot;text-align: center;&quot;&gt;&lt;img alt=&quot;&quot; src=&quot;/wifi/data/uploads/hoseyniyeamini2.jpg&quot; style=&quot;width: 80%;&quot; /&gt;&lt;/p&gt;
&lt;p style=&quot;text-align: center;&quot;&gt;&lt;img alt=&quot;&quot; src=&quot;/wifi/data/uploads/hoseyniyeamini3.jpg&quot; style=&quot;width: 80%;&quot; /&gt;&lt;/p&gt;
]]></content><private><![CDATA[]]></private><author><![CDATA[shahami]]></author><menuOrder><![CDATA[6]]></menuOrder></item>
