<?xml version="1.0" encoding="UTF-8"?>
<item><pubDate>Tue, 14 Mar 2017 15:48:27 +0330</pubDate><title><![CDATA[آش دوغ]]></title><url><![CDATA[ash-dooq]]></url><meta><![CDATA[]]></meta><metad><![CDATA[]]></metad><menu><![CDATA[آش دوغ]]></menu><menuStatus><![CDATA[]]></menuStatus><template><![CDATA[template.php]]></template><parent><![CDATA[gaza]]></parent><content><![CDATA[&lt;p dir=&quot;RTL&quot; style=&quot;text-align: justify;&quot;&gt;آش دوغ در بیشتر شهرهای ایران طبخ می شود؛ اما قزوینی ها در پخت این آش از انواع حبوبات، برنج، سبزی آش، دوغ چکیده، پیاز داغ، سیرداغ و نعناداغ استفاده می‌کنند و پس از پخت گوشت های قلقلی سرخ شده را به آن اضافه می کنند&lt;span dir=&quot;LTR&quot;&gt;&lt;/span&gt;&lt;span dir=&quot;LTR&quot;&gt;&lt;/span&gt;&lt;span dir=&quot;LTR&quot;&gt;&lt;span dir=&quot;LTR&quot;&gt;&lt;/span&gt;&lt;span dir=&quot;LTR&quot;&gt;&lt;/span&gt;.&lt;/span&gt;&lt;/p&gt;

&lt;p dir=&quot;RTL&quot; style=&quot;text-align: center;&quot;&gt;&lt;img alt=&quot;&quot; src=&quot;/wifi/data/uploads/ash-dooq.jpg&quot; style=&quot;width: 80%;&quot; /&gt;&lt;/p&gt;
]]></content><private><![CDATA[]]></private><author><![CDATA[shahami]]></author><menuOrder><![CDATA[1]]></menuOrder></item>
