<?xml version="1.0" encoding="UTF-8"?>
<item><pubDate>Tue, 14 Mar 2017 16:02:46 +0330</pubDate><title><![CDATA[آش ماش و پیاز]]></title><url><![CDATA[ash-mash-va-piyz]]></url><meta><![CDATA[]]></meta><metad><![CDATA[]]></metad><menu><![CDATA[آش ماش و پیاز]]></menu><menuOrder><![CDATA[0]]></menuOrder><menuStatus><![CDATA[]]></menuStatus><template><![CDATA[template.php]]></template><parent><![CDATA[gaza]]></parent><content><![CDATA[&lt;p dir=&quot;RTL&quot; style=&quot;text-align: justify;&quot;&gt;آشی لذیذ که مخصوص قزوین است و با حبوبات و گوشت و&amp;nbsp;پیاز، دارچین، پیازداغ، نمک و فلفل و… طبخ می شود اما هیچ نوع سبزی در آن استفاده نمی شود؛ بهمین خاطر طعم آن با دیگر آش ها متفاوت است&lt;span dir=&quot;LTR&quot;&gt;&lt;/span&gt;&lt;span dir=&quot;LTR&quot;&gt;&lt;/span&gt;&lt;span dir=&quot;LTR&quot;&gt;&lt;span dir=&quot;LTR&quot;&gt;&lt;/span&gt;&lt;span dir=&quot;LTR&quot;&gt;&lt;/span&gt;.&lt;/span&gt;&lt;/p&gt;

&lt;p dir=&quot;RTL&quot; style=&quot;text-align: center;&quot;&gt;&lt;img alt=&quot;&quot; src=&quot;/wifi/data/uploads/ash-mash-va-piyaz.jpg&quot; style=&quot;width: 80%;&quot; /&gt;&lt;/p&gt;
]]></content><private><![CDATA[]]></private><author><![CDATA[shahami]]></author></item>
