<?xml version="1.0" encoding="UTF-8"?>
<item><pubDate>Tue, 14 Mar 2017 15:29:36 +0330</pubDate><title><![CDATA[شیرینی اتابکی(ولیعهدی)]]></title><url><![CDATA[atabaki]]></url><meta><![CDATA[]]></meta><metad><![CDATA[]]></metad><menu><![CDATA[شیرینی اتابکی(ولیعهدی)]]></menu><menuStatus><![CDATA[]]></menuStatus><template><![CDATA[template.php]]></template><parent><![CDATA[cooki]]></parent><content><![CDATA[&lt;p dir=&quot;RTL&quot; style=&quot;text-align: justify;&quot;&gt;یکی دیگر از شیرینی های این استان، شیرنی ولیعهدی است که با&amp;nbsp; آرد نون و آرد برنج، پودر قند، روغن جامد، پودر هل و تخم‌مرغ &amp;nbsp;تهیه می شود. شیرینی اتابکی&amp;nbsp;را معمولا دو رنگ درست می کنند یکی کرم و دیگری قهوه ای&lt;span dir=&quot;LTR&quot;&gt;&lt;/span&gt;&lt;span dir=&quot;LTR&quot;&gt;&lt;/span&gt;&lt;span dir=&quot;LTR&quot;&gt;&lt;span dir=&quot;LTR&quot;&gt;&lt;/span&gt;&lt;span dir=&quot;LTR&quot;&gt;&lt;/span&gt;.&amp;nbsp;&lt;/span&gt;&lt;/p&gt;

&lt;p dir=&quot;RTL&quot; style=&quot;text-align: center;&quot;&gt;&lt;img alt=&quot;&quot; src=&quot;/wifi/data/uploads/atabaki.jpg&quot; style=&quot;width: 80%;&quot; /&gt;&lt;/p&gt;

&lt;p dir=&quot;RTL&quot; style=&quot;text-align: center;&quot;&gt;&lt;img alt=&quot;&quot; src=&quot;/wifi/data/uploads/atabaki2.jpg&quot; style=&quot;width: 80%;&quot; /&gt;&lt;/p&gt;
]]></content><private><![CDATA[]]></private><author><![CDATA[shahami]]></author><menuOrder><![CDATA[3]]></menuOrder></item>
