<?xml version="1.0" encoding="UTF-8"?>
<item><pubDate>Mon, 13 Mar 2017 16:04:14 +0330</pubDate><title><![CDATA[مسجد جامع عتيق]]></title><url><![CDATA[atigh1]]></url><meta><![CDATA[]]></meta><metad><![CDATA[]]></metad><menu><![CDATA[مسجد جامع عتيق]]></menu><menuStatus><![CDATA[]]></menuStatus><template><![CDATA[template.php]]></template><parent><![CDATA[tarikhi]]></parent><content><![CDATA[&lt;p style=&quot;text-align: justify;&quot;&gt;يكي از كهن‌ترين مساجد چهار ايواني كشور است كه آثار معماري بسياري از ادوار تاريخي در وسعتي معادل ۱۲۵۰۰ مترمربع به نمايش مي‌گذارد. قديمي‌ترين قسمت موجود به سال ۱۹۲ به دستور هارون‌الرشید بنا شده و در عصر سلجوقي،‌صفوي و قاجاري الحاقاتي به آن صورت گرفته است. شش كتيبه گچ‌بري مقصوره خمار تاشي آن شهرتي جهاني دارد.&lt;/p&gt;

&lt;p style=&quot;text-align: center;&quot;&gt;&lt;img alt=&quot;&quot; src=&quot;/wifi/data/uploads/masjedjame1.jpg&quot; style=&quot;width: 80%;&quot; /&gt;&lt;/p&gt;
&lt;p style=&quot;text-align: center;&quot;&gt;&lt;img alt=&quot;&quot; src=&quot;/wifi/data/uploads/masjedjame2.jpg&quot; style=&quot;width: 80%;&quot; /&gt;&lt;/p&gt;
&lt;p style=&quot;text-align: center;&quot;&gt;&lt;img alt=&quot;&quot; src=&quot;/wifi/data/uploads/masjedjame3.jpg&quot; style=&quot;width: 80%;&quot; /&gt;&lt;/p&gt;
]]></content><private><![CDATA[]]></private><author><![CDATA[shahami]]></author><menuOrder><![CDATA[5]]></menuOrder></item>
