<?xml version="1.0" encoding="UTF-8"?>
<item><pubDate>Tue, 14 Mar 2017 15:30:11 +0330</pubDate><title><![CDATA[شیرینی (قرابیه)بادامی]]></title><url><![CDATA[badami]]></url><meta><![CDATA[]]></meta><metad><![CDATA[]]></metad><menu><![CDATA[شیرینی (قرابیه)بادامی]]></menu><menuStatus><![CDATA[]]></menuStatus><template><![CDATA[template.php]]></template><parent><![CDATA[cooki]]></parent><content><![CDATA[&lt;p dir=&quot;RTL&quot;&gt;شیرینی هایی که مواد اولیه آنها را انواع مغز تشکیل می دهند در قزوین و دیگر شهرهای ایران تنوع بسیاری دارند. یکی از این نوع، شیرینی بادامی قزوین است که با پودر بادام، پودر پسته،&amp;nbsp;پودر قند، آرد،&amp;nbsp;پودر هل و روغن جامد پخت می شود&lt;span dir=&quot;LTR&quot;&gt;&lt;/span&gt;&lt;span dir=&quot;LTR&quot;&gt;&lt;/span&gt;&lt;span dir=&quot;LTR&quot;&gt;&lt;span dir=&quot;LTR&quot;&gt;&lt;/span&gt;&lt;span dir=&quot;LTR&quot;&gt;&lt;/span&gt;.&amp;nbsp;&lt;/span&gt;&lt;span dir=&quot;LTR&quot;&gt;&lt;/span&gt;&lt;/p&gt;

&lt;p dir=&quot;RTL&quot; style=&quot;text-align: center;&quot;&gt;&lt;img alt=&quot;&quot; src=&quot;/wifi/data/uploads/qorabiye.jpg&quot; style=&quot;width: 80%;&quot; /&gt;&lt;/p&gt;
]]></content><private><![CDATA[]]></private><author><![CDATA[shahami]]></author><menuOrder><![CDATA[4]]></menuOrder></item>
