<?xml version="1.0" encoding="UTF-8"?>
<item><pubDate>Tue, 14 Mar 2017 14:10:07 +0330</pubDate><title><![CDATA[باغستان‌های سنتی قزوین]]></title><url><![CDATA[baghestan1]]></url><meta><![CDATA[]]></meta><metad><![CDATA[]]></metad><menu><![CDATA[باغستان‌های سنتی قزوین]]></menu><menuOrder><![CDATA[0]]></menuOrder><menuStatus><![CDATA[]]></menuStatus><template><![CDATA[template.php]]></template><parent><![CDATA[nature]]></parent><content><![CDATA[&lt;p style=&quot;text-align: justify;&quot;&gt;به مجموعه باغ‌هایی گفته می‌شود که نیمه جنوبی شهر قزوین را در برگرفته است. این باغات بیش از ۲۵۰۰ هکتار وسعت دارند و در گذشته گرداگرد شهر را فراگرفته بودند. عمده محصولات این باغستان‌ها، بادام و پسته است.&lt;br /&gt;
	این باغستان‌های سنتی بیش از یک هزار سال قدمت دارند به‌طوری‌که ناصرخسرو در سفرنامه خود، شهر قزوین را این‌گونه توصیف می‌کند: «باغستان بسیار داشت. بی دیوار و خار و هیچ مانعی از دخول در باغات نبود.»&lt;/p&gt;

&lt;p style=&quot;text-align: center;&quot;&gt;&lt;img alt=&quot;&quot; src=&quot;/wifi/data/uploads/baqestan2.jpg&quot; style=&quot;width: 80%;&quot; /&gt;&lt;/p&gt;

&lt;p style=&quot;text-align: center;&quot;&gt;&lt;img alt=&quot;&quot; src=&quot;/wifi/data/uploads/baqestan1.jpg&quot; style=&quot;width: 80%;&quot; /&gt;&lt;/p&gt;

&lt;p style=&quot;text-align: center;&quot;&gt;&lt;img alt=&quot;&quot; src=&quot;/wifi/data/uploads/bqestan3.jpg&quot; style=&quot;width: 80%;&quot; /&gt;&lt;/p&gt;
]]></content><private><![CDATA[]]></private><author><![CDATA[shahami]]></author></item>
