<?xml version="1.0" encoding="UTF-8"?>
<item><pubDate>Tue, 14 Mar 2017 15:35:23 +0330</pubDate><title><![CDATA[باقلوا های رنگارنگ]]></title><url><![CDATA[baqlava]]></url><meta><![CDATA[]]></meta><metad><![CDATA[]]></metad><menu><![CDATA[باقلوا های رنگارنگ]]></menu><menuStatus><![CDATA[]]></menuStatus><template><![CDATA[template.php]]></template><parent><![CDATA[cooki]]></parent><content><![CDATA[&lt;p dir=&quot;RTL&quot; style=&quot;text-align: justify;&quot;&gt;باقلوا از شیرینی های مخصوص و دوست داشتنی و کمی گران قزوین است که برای پخت آن از آرد، شربت قوام آمده، زعفران، گلاب، زرده‌ی تخم‌مرغ و شیر، پسته، بادام، خاک قند، پودر هل استفاده می شود. این نوع شیرینی در انواع مختلف باقلوای گل یا پیچ، باقلوای سه رنگ پخت می شود و زینت بخش مجالس شادی و اعیادست.&lt;/p&gt;

&lt;br&gt;

&lt;p dir=&quot;RTL&quot; style=&quot;text-align: center;&quot;&gt;&lt;img alt=&quot;&quot; src=&quot;/wifi/data/uploads/baqlavqa.jpg&quot; style=&quot;width: 80%;&quot; /&gt;&lt;/p&gt;

&lt;p dir=&quot;RTL&quot; style=&quot;text-align: center;&quot;&gt;&lt;img alt=&quot;&quot; src=&quot;/wifi/data/uploads/baqlava2.jpg&quot; style=&quot;width: 80%;&quot; /&gt;&lt;/p&gt;

&lt;p dir=&quot;RTL&quot; style=&quot;text-align: center;&quot;&gt;&lt;img alt=&quot;&quot; src=&quot;/wifi/data/uploads/baqlava3.jpg&quot; style=&quot;width: 80%;&quot; /&gt;&lt;/p&gt;
]]></content><private><![CDATA[]]></private><author><![CDATA[shahami]]></author><menuOrder><![CDATA[7]]></menuOrder></item>
