<?xml version="1.0" encoding="UTF-8"?>
<item><pubDate>Tue, 14 Mar 2017 15:26:20 +0330</pubDate><title><![CDATA[بوستان باراجین]]></title><url><![CDATA[barajin]]></url><meta><![CDATA[]]></meta><metad><![CDATA[]]></metad><menu><![CDATA[بوستان باراجین]]></menu><menuStatus><![CDATA[]]></menuStatus><template><![CDATA[template.php]]></template><parent><![CDATA[parks]]></parent><content><![CDATA[&lt;p style=&quot;text-align: justify;&quot;&gt;ارتفاعات شرقی مشرف بر دره رودخانه فصلی ارنزک که از دو کیلومتری شمال قزوین آغاز می‌شود،&amp;nbsp;یکی از نقاط خوش آب‌وهوا و از تفرجگاه‌های دیرینه مردم شهر است که اینک در عرصه‌ای به وسعت هزار هکتار توسط شهرداری قزوین آماده‌سازی شده و پذیرای شهروندان و گردشگران است. برای تکمیل این پروﮋه بزرگ، تله‌کابین، سینمای تابستانی، پیست‌های دوچرخه‌سواری، موتورسواری، سوارکاری، بازیگاه کودک، آب‌نماهای مختلف و کمپینگ ارزان‌قیمت برای مسافران پیش‌بینی‌ شده است. دسترسی آسان، هوای لطیف کوهپایه‌ای و کوهستانی، اشراف بر شهر قزوین و جاده رودبار شهرستان از ویژگی‌های قابل‌توجه بوستان هزار هکتاری باراجین به شمار می‌رود.&lt;/p&gt;

&lt;p style=&quot;text-align: center;&quot;&gt;&lt;img alt=&quot;&quot; src=&quot;/wifi/data/uploads/barajin1.jpg&quot; style=&quot;width: 80%;&quot; /&gt;&lt;/p&gt;

&lt;p style=&quot;text-align: center;&quot;&gt;&lt;img alt=&quot;&quot; src=&quot;/wifi/data/uploads/barajin2.jpg&quot; style=&quot;width: 80%;&quot; /&gt;&lt;/p&gt;

&lt;p style=&quot;text-align: center;&quot;&gt;&lt;img alt=&quot;&quot; src=&quot;/wifi/data/uploads/barajin3.jpg&quot; style=&quot;width: 80%;&quot; /&gt;&lt;/p&gt;

&lt;p style=&quot;text-align: center;&quot;&gt;&lt;img alt=&quot;&quot; src=&quot;/wifi/data/uploads/barajin4.jpg&quot; style=&quot;width: 80%&quot; /&gt;&lt;/p&gt;
]]></content><private><![CDATA[]]></private><author><![CDATA[shahami]]></author><menuOrder><![CDATA[5]]></menuOrder></item>
