<?xml version="1.0" encoding="UTF-8"?>
<item><pubDate>Tue, 14 Mar 2017 16:04:09 +0330</pubDate><title><![CDATA[نان برنجی]]></title><url><![CDATA[berenji]]></url><meta><![CDATA[]]></meta><metad><![CDATA[]]></metad><menu><![CDATA[نان برنجی]]></menu><menuStatus><![CDATA[]]></menuStatus><template><![CDATA[template.php]]></template><parent><![CDATA[cooki]]></parent><content><![CDATA[&lt;p dir=&quot;RTL&quot;&gt;نان برنجی قزوین را حتما در شیرینی فروشی های شهر خود بسیار دیده اید؛ اما چشیدن طعم این شیرینی در قزوین لذتی دیگر دارد. معمولا در مراسم های شادی به ویژه عید نوروز از این نوع شیرینی بسیار استقبال می شود. نان برنجی را بانوان قزوینی با&amp;nbsp;آرد برنج ، پودر قند ، روغن جامد ، تخم مرغ ، پودر هل و گلاب درست می کنند&lt;span dir=&quot;LTR&quot;&gt;&lt;/span&gt;&lt;span dir=&quot;LTR&quot;&gt;&lt;/span&gt;&lt;span dir=&quot;LTR&quot;&gt;&lt;span dir=&quot;LTR&quot;&gt;&lt;/span&gt;&lt;span dir=&quot;LTR&quot;&gt;&lt;/span&gt;.&lt;/span&gt;&lt;span dir=&quot;LTR&quot;&gt;&lt;/span&gt;&lt;/p&gt;

&lt;p style=&quot;text-align: justify;&quot;&gt;&lt;span dir=&quot;RTL&quot;&gt;طعم شیرینی برنجی قزوین با شیرینی برنجی کرمانشاه متفاوت است&lt;/span&gt;&lt;span dir=&quot;LTR&quot;&gt;&lt;/span&gt;&lt;span dir=&quot;LTR&quot;&gt;&lt;/span&gt;&lt;span dir=&quot;LTR&quot;&gt;&lt;/span&gt;&lt;span dir=&quot;LTR&quot;&gt;&lt;/span&gt;.&lt;/p&gt;

&lt;p style=&quot;text-align: center;&quot;&gt;&lt;img alt=&quot;&quot; src=&quot;/wifi/data/uploads/nan-berenji.jpg&quot; style=&quot;width: 80%;&quot; /&gt;&lt;/p&gt;
]]></content><private><![CDATA[]]></private><author><![CDATA[shahami]]></author><menuOrder><![CDATA[8]]></menuOrder></item>
