<?xml version="1.0" encoding="UTF-8"?>
<item><pubDate>Tue, 14 Mar 2017 15:38:18 +0330</pubDate><title><![CDATA[چادرشب بافی ]]></title><url><![CDATA[chador]]></url><meta><![CDATA[]]></meta><metad><![CDATA[]]></metad><menu><![CDATA[چادرشب بافی ]]></menu><menuOrder><![CDATA[0]]></menuOrder><menuStatus><![CDATA[]]></menuStatus><template><![CDATA[template.php]]></template><parent><![CDATA[sanaye-dasti]]></parent><content><![CDATA[&lt;p style=&quot;text-align: justify;&quot;&gt;چادر شب در بسیاری از مناطق ایرانی بخصوص در روستاها بافته می شود استان قزوین در راستای حفظ و احیای این دستبافته زیبا اقدام به طراحی اقلامی نظیر رو تختی ،پرده،&amp;nbsp; کلاهک آباژور ،کوسن، روکش مبل ، رو میزی و...نموده است.&lt;/p&gt;

&lt;p style=&quot;text-align: justify;&quot;&gt;معمولا نقوش چادرشب با توجه به کاربرد آن متفاوت می باشد. گاه هندسی به صورت خانه های شطرنجی در رنگهای مختلف و خانه های ریز و درشت متناسب با سلیقه بافنده تولید می شود وگاه بصورت راه راه&amp;nbsp; با رنگهای سفید و آبی که بوسیله نیل رنگ آمیزی شده و به عنوان سفره از آن استفاده می شود که در الموت به آن ایزار می گویند. همچنین ساده و تک رنگ می باشد، که به رنگهای کرم و از جنس پشم به عنوان پرده و از جنس پنبه به رنگ سورمه ای برای لباس از آن استفاده می شود.&lt;/p&gt;

&lt;p style=&quot;text-align: center;&quot;&gt;&lt;img alt=&quot;&quot; height=&quot;708&quot; src=&quot;/wifi/data/uploads/chador-shab-bafi.jpg&quot; width=&quot;503&quot; /&gt;&lt;/p&gt;

&lt;p style=&quot;text-align: center;&quot;&gt;&lt;img alt=&quot;&quot; src=&quot;/wifi/data/uploads/chador-shab-bafi1.jpg&quot; style=&quot;width: 80%;&quot; /&gt;&lt;/p&gt;
]]></content><private><![CDATA[]]></private><author><![CDATA[shahami]]></author></item>
