<?xml version="1.0" encoding="UTF-8"?>
<item><pubDate>Tue, 14 Mar 2017 15:29:50 +0330</pubDate><title><![CDATA[نان چرخی]]></title><url><![CDATA[charkhi1]]></url><meta><![CDATA[]]></meta><metad><![CDATA[]]></metad><menu><![CDATA[نان چرخی]]></menu><menuStatus><![CDATA[]]></menuStatus><template><![CDATA[template.php]]></template><parent><![CDATA[cooki]]></parent><content><![CDATA[&lt;p dir=&quot;RTL&quot;&gt;این شیرینی را&amp;nbsp;معمولا در عید نوروز بسیار دیده ایم. شیرینی با طعم دوست داشتنی که مواد اولیه اش شبیه نان چای است ، اما مواد را این بار با چرخ دستی مخصوص ، چرخ می کنند و خمیر را شکل داده و روی آن را با پودر پسته یا خُرفه&amp;nbsp;تزیین می کنند&lt;span dir=&quot;LTR&quot;&gt;&lt;/span&gt;&lt;span dir=&quot;LTR&quot;&gt;&lt;/span&gt;&lt;span dir=&quot;LTR&quot;&gt;&lt;span dir=&quot;LTR&quot;&gt;&lt;/span&gt;&lt;span dir=&quot;LTR&quot;&gt;&lt;/span&gt;.&lt;/span&gt;&lt;/p&gt;

&lt;p dir=&quot;RTL&quot; style=&quot;text-align: center;&quot;&gt;&lt;img alt=&quot;&quot; src=&quot;/wifi/data/uploads/charkhi.jpg&quot; style=&quot;width: 80%;&quot; /&gt;&lt;/p&gt;
]]></content><private><![CDATA[]]></private><author><![CDATA[shahami]]></author><menuOrder><![CDATA[11]]></menuOrder></item>
