<?xml version="1.0" encoding="UTF-8"?>
<item><pubDate>Mon, 13 Mar 2017 16:06:50 +0330</pubDate><title><![CDATA[عمارت چهل‌ستون]]></title><url><![CDATA[chehelsoton1]]></url><meta><![CDATA[]]></meta><metad><![CDATA[]]></metad><menu><![CDATA[عمارت چهل‌ستون]]></menu><menuStatus><![CDATA[]]></menuStatus><template><![CDATA[template.php]]></template><parent><![CDATA[tarikhi]]></parent><content><![CDATA[&lt;p style=&quot;text-align: justify;&quot;&gt;حرم‌خانه شاه‌طهماسب است كه در دوره صفوي به کلاه‌فرنگی و عمارت شيرواني شهرت داشته و در وسط باغي بزرگ احداث‌شده و تنها كوشك باقی‌مانده از مجموعه كاخ‌هاي سلطنتي صفوي اين بنا ساختماني هشت‌گوش با تالار مركزي و اتاق‌ها و رواق‌هاي كوچكي در پيرامون است و نقاشي‌هاي ديواري مكتب نگارگري قزوين در طبقه نخست آن،‌شهرتي جهاني دارد.&lt;/p&gt;

&lt;p style=&quot;text-align: center;&quot;&gt;&lt;img alt=&quot;&quot; src=&quot;/wifi/data/uploads/chehelsoton1.jpg&quot; style=&quot;width: 80%;&quot; /&gt;&lt;/p&gt;
&lt;p style=&quot;text-align: center;&quot;&gt;&lt;img alt=&quot;&quot; src=&quot;/wifi/data/uploads/chehelsoton2.jpg&quot; style=&quot;width: 80%;&quot; /&gt;&lt;/p&gt;
&lt;p style=&quot;text-align: center;&quot;&gt;&lt;img alt=&quot;&quot; src=&quot;/wifi/data/uploads/chehelsoton3.jpg&quot; style=&quot;width: 80%;&quot; /&gt;&lt;/p&gt;
]]></content><private><![CDATA[]]></private><author><![CDATA[shahami]]></author><menuOrder><![CDATA[7]]></menuOrder></item>
