<?xml version="1.0" encoding="UTF-8"?>
<item><pubDate>Tue, 14 Mar 2017 13:18:38 +0330</pubDate><title><![CDATA[شیرینی های سنتی]]></title><url><![CDATA[cooki]]></url><meta><![CDATA[]]></meta><metad><![CDATA[]]></metad><menu><![CDATA[شیرینی های سنتی]]></menu><menuStatus><![CDATA[Y]]></menuStatus><template><![CDATA[template.php]]></template><parent><![CDATA[]]></parent><content><![CDATA[&lt;p dir=&quot;RTL&quot; style=&quot;text-align: justify;&quot;&gt;عطر و بوی شرینی های سنتی قزوین ، همه گردشگران را به سمت خود می کشاند و آنقدر این عطر و طعم شیرین و جذاب است که معرفی سوغات این شهر را با شیرینی های معروفش باید آغاز کرد&lt;span dir=&quot;LTR&quot;&gt;&lt;/span&gt;&lt;span dir=&quot;LTR&quot;&gt;&lt;/span&gt;&lt;span dir=&quot;LTR&quot;&gt;&lt;span dir=&quot;LTR&quot;&gt;&lt;/span&gt;&lt;span dir=&quot;LTR&quot;&gt;&lt;/span&gt;.&lt;/span&gt;&lt;span dir=&quot;LTR&quot;&gt;&lt;/span&gt;&lt;/p&gt;

&lt;p dir=&quot;RTL&quot; style=&quot;text-align: justify;&quot;&gt;شرینی هایی با رنگ و عطر عالی که با یک بار چشیدن طعم آنها ، هرروز عصر دلت می خواهد با چای عصرانه ات یکی از این شیرینی ها را نوش جان کنی&lt;span dir=&quot;LTR&quot;&gt;&lt;/span&gt;&lt;span dir=&quot;LTR&quot;&gt;&lt;/span&gt;&lt;span dir=&quot;LTR&quot;&gt;&lt;span dir=&quot;LTR&quot;&gt;&lt;/span&gt;&lt;span dir=&quot;LTR&quot;&gt;&lt;/span&gt;.&lt;/span&gt;&lt;span dir=&quot;LTR&quot;&gt;&lt;/span&gt;&lt;/p&gt;

&lt;p style=&quot;text-align: justify;&quot;&gt;&lt;span dir=&quot;RTL&quot;&gt;&lt;span dir=&quot;RTL&quot;&gt;زنان هنرمند و خوش سلیقه قزوینی برای مراسم ها و اعیاد ، به صورت سنتی شیرینی های شهر خود را می پزند و در کنار عزیزانشان کامشان را شیرین می کنند . البته این سوغات به صورت انبوه و کارگاهی نیز تولید میشود .&lt;/span&gt;&lt;/span&gt;&lt;/p&gt;

&lt;p&gt;نان چایی&lt;/p&gt;

&lt;p&gt;نان برنجی&lt;/p&gt;

&lt;p&gt;نان نازک&lt;/p&gt;

&lt;p&gt;نان چرخی&lt;/p&gt;

&lt;p&gt;باقلواهای رنگارنگ&lt;/p&gt;

&lt;p&gt;شیرینی قندی&lt;/p&gt;

&lt;p&gt;شیرینی پادرازی&lt;/p&gt;

&lt;p&gt;شیرینی (قرابیه ) بادامی&lt;/p&gt;

&lt;p&gt;شیرینی نخودی&lt;/p&gt;

&lt;p&gt;شیرینی اتابکی(ولیعهدی)&lt;/p&gt;

&lt;p&gt;شیرینی شربتی&lt;/p&gt;

&lt;p&gt;نان سنتی اگردک&lt;/p&gt;

&lt;p&gt;&amp;nbsp;&lt;/p&gt;
]]></content><private><![CDATA[]]></private><author><![CDATA[shahami]]></author><menuOrder><![CDATA[7]]></menuOrder></item>
