<?xml version="1.0" encoding="UTF-8"?>
<item><pubDate>Mon, 13 Mar 2017 12:13:03 +0330</pubDate><title><![CDATA[شهربازی دالفک]]></title><url><![CDATA[dalfak1]]></url><meta><![CDATA[]]></meta><metad><![CDATA[]]></metad><menu><![CDATA[شهربازی دالفک]]></menu><menuOrder><![CDATA[0]]></menuOrder><menuStatus><![CDATA[]]></menuStatus><template><![CDATA[template.php]]></template><parent><![CDATA[parks]]></parent><content><![CDATA[&lt;p style=&quot;text-align: justify;&quot;&gt;مجتمع چندمنظوره شهربازي و گردشگري شهر قزوين (دالفک) در مساحت 70 هزار &amp;nbsp;مترمربع در بوستان باراجین واقع می باشد. این شهر بازی با دارا بودن دستگاههای متنوع بازی، محیطی شاد برای گذران لحظات شیرین در طبیعت زیبای بوستان باراجین است.&lt;/p&gt;

&lt;p style=&quot;text-align: center;&quot;&gt;&lt;img alt=&quot;&quot; src=&quot;/wifi/data/uploads/dalfak1.jpg&quot; style=&quot;width: 80%;&quot; /&gt;&lt;/p&gt;
&lt;p style=&quot;text-align: center;&quot;&gt;&lt;img alt=&quot;&quot; src=&quot;/wifi/data/uploads/dalfak2.jpg&quot; style=&quot;width: 80%;&quot; /&gt;&lt;/p&gt;
]]></content><private><![CDATA[]]></private><author><![CDATA[shahami]]></author></item>
