<?xml version="1.0" encoding="UTF-8"?>
<item><pubDate>Tue, 14 Mar 2017 15:48:40 +0330</pubDate><title><![CDATA[دیماج قزوینی]]></title><url><![CDATA[doymaj]]></url><meta><![CDATA[]]></meta><metad><![CDATA[]]></metad><menu><![CDATA[دیماج قزوینی]]></menu><menuStatus><![CDATA[]]></menuStatus><template><![CDATA[template.php]]></template><parent><![CDATA[gaza]]></parent><content><![CDATA[&lt;p dir=&quot;RTL&quot;&gt;دُیماج یا دُگماژ، غذایی جالب از&amp;nbsp;تکه‌های نان لواش خشک، پنیر، خیار، سبزی خوردن، گردو، پیاز داغ، زردچوبه است که قزوینی ها در فصل تابستان آن را میل می کنند. وقتی مواد آن را مخلوط کردند با دست یا ظرفی آن را شکل می دهند و نوش جان می کنند&lt;span dir=&quot;LTR&quot;&gt;&lt;/span&gt;&lt;span dir=&quot;LTR&quot;&gt;&lt;/span&gt;&lt;span dir=&quot;LTR&quot;&gt;&lt;span dir=&quot;LTR&quot;&gt;&lt;/span&gt;&lt;span dir=&quot;LTR&quot;&gt;&lt;/span&gt;.&lt;/span&gt;&lt;/p&gt;

&lt;p dir=&quot;RTL&quot; style=&quot;text-align: center;&quot;&gt;&lt;img alt=&quot;&quot; src=&quot;/wifi/data/uploads/doymaj.jpg&quot; style=&quot;width: 80%;&quot; /&gt;&lt;/p&gt;
]]></content><private><![CDATA[]]></private><author><![CDATA[shahami]]></author><menuOrder><![CDATA[6]]></menuOrder></item>
