<?xml version="1.0" encoding="UTF-8"?>
<item><pubDate>Mon, 13 Mar 2017 13:40:19 +0330</pubDate><title><![CDATA[امامزاده حسین(ع)]]></title><url><![CDATA[emamzadehhosein1]]></url><meta><![CDATA[]]></meta><metad><![CDATA[]]></metad><menu><![CDATA[امامزاده حسین]]></menu><menuStatus><![CDATA[]]></menuStatus><template><![CDATA[template.php]]></template><parent><![CDATA[ziarati]]></parent><content><![CDATA[&lt;p style=&quot;text-align: justify;&quot;&gt;بقعه متبرک امامزاده حسین فرزند بلافصل امام رضا(ع) متوفی ۲۰۱ هـ.ق که از آغاز سده سوم هجری همواره زیارتگاه مردم بوده و از همان روزگار تاکنون آرامگاه بسیاری از دانشمندان، عارفان و سخنوران شهر است در انتهای خیابان سلام گاه قرار دارد. بنای اولیه آن در زلزله‌های مکرر و حمله مغول آسیب کلی دیده و به خاطر کشمکش‌های دوره صفوی مجدداً بازسازی‌شده است. به‌جز ضریح نفیسی که از شاهکارهای منبت و گره چینی مجوف است و در سال ۸۰۶ هـ.ق ساخته‌شده، بقیه بنا از آثار صفوی و قاجاری است.&lt;/p&gt;

&lt;p style=&quot;text-align: center;&quot;&gt;&amp;nbsp;&lt;/p&gt;
]]></content><private><![CDATA[]]></private><author><![CDATA[shahami]]></author><menuOrder><![CDATA[2]]></menuOrder></item>
