<?xml version="1.0" encoding="UTF-8"?>
<item><pubDate>Mon, 13 Mar 2017 13:36:57 +0330</pubDate><title><![CDATA[امامزاده اسماعیل(ع)]]></title><url><![CDATA[emamzadehesmael1]]></url><meta><![CDATA[]]></meta><metad><![CDATA[]]></metad><menu><![CDATA[امامزاده اسماعیل]]></menu><menuStatus><![CDATA[]]></menuStatus><template><![CDATA[template.php]]></template><parent><![CDATA[ziarati]]></parent><content><![CDATA[&lt;p style=&quot;text-align: justify;&quot;&gt;بقعه این امامزاده در ۱۰ کیلومترى شمال شرق قزوین، در منطقه‏اى خوش آب‌وهوا، در محلّى مرتفع و مشرف بر رودخانه، در مجاورت روستاى باراجین واقع‌شده و به «امامزاده اسماعیل باراجین» مشهور است.&lt;br /&gt;
	کف و دیوار بقعه با سنگ تزیین شده و سقف آن داراى نقاشى و گچ‌بری مى‏باشد. در انتهاى دیوار منتهى به سقف بنا، یک ردیف کاشى در زمینه لاجوردى قرار دارد که سوره مبارکه اعلى در آن خطّاطى شده است. در غرب اتاق مرقد، مسجد نسبتاً کوچکى قرار دارد که مساحت آن حدود ۷×۸ متر و داراى سه در به صحن غربى است. درِ این مجموعه به حرم، چوبى است و داراى شبکه‌بندی زیبایى است. اصل بنا به ابعاد ۲۵×۲۰ متر مى‏باشد و در طرفین کفش کن راه‌پله‌ای تعبیه شده که به طبقه دوّم بقعه راه مى‏یابد.&lt;/p&gt;

&lt;p style=&quot;text-align: center;&quot;&gt;&amp;nbsp;&lt;/p&gt;
]]></content><private><![CDATA[]]></private><author><![CDATA[shahami]]></author><menuOrder><![CDATA[1]]></menuOrder></item>
