<?xml version="1.0" encoding="UTF-8"?>
<item><pubDate>Tue, 14 Mar 2017 15:36:20 +0330</pubDate><title><![CDATA[غذاها و آش های سنتی]]></title><url><![CDATA[gaza]]></url><meta><![CDATA[]]></meta><metad><![CDATA[]]></metad><menu><![CDATA[غذاهای سنتی]]></menu><menuStatus><![CDATA[Y]]></menuStatus><template><![CDATA[template.php]]></template><parent><![CDATA[]]></parent><content><![CDATA[]]></content><private><![CDATA[]]></private><author><![CDATA[shahami]]></author><menuOrder><![CDATA[9]]></menuOrder></item>
