<?xml version="1.0" encoding="UTF-8"?>
<item><pubDate>Mon, 13 Mar 2017 16:23:23 +0330</pubDate><title><![CDATA[سلام! به استان قزوین خوش آمدید!]]></title><url><![CDATA[index]]></url><meta><![CDATA[getsimple, easy, content management system]]></meta><metad><![CDATA[]]></metad><menu><![CDATA[خانه]]></menu><menuStatus><![CDATA[Y]]></menuStatus><template><![CDATA[template.php]]></template><parent><![CDATA[]]></parent><content><![CDATA[&lt;p dir=&quot;RTL&quot; style=&quot;text-align: justify;&quot;&gt;استان قزوین با دارا بودن تنها ۱ درصد از مساحت و 1.5 درصد از جمعیت کشور، نزدیک به ۵ درصد در اقتصاد و تولیدات ایران نقش دارد. مساحت این استان حدود ۱۵٬۸۲۰ کیلومترمربع است و با استان‌های مازندران، گیلان، همدان، زنجان، مرکزی و البرز همسایه است. جمعیت استان قزوین بر پایه آمار سال ۱۳90 برابر ۱.2 میلیون نفر است که از این شمار 40۰ هزار نفر ساکن شهر قزوین هستند.&lt;/p&gt;

&lt;p dir=&quot;RTL&quot; style=&quot;text-align: justify;&quot;&gt;این استان از استان‌های تاریخی ایران بوده و آثار باستانی زیادی را در خود جای داده است به‌طوری‌که ۱۱ درصد از آثار تاریخی ملی ثبت‌شده کشور در استان قزوین قرار دارد و از این نظر رتبه نخست را در ایران دارد. منطقه تاریخی رودبار الموت و شهرستان الموت که تا سال ۱۳۷۳ با عنوان رودبار و الموت معروف بود، در قزوین واقع است. استان قزوین یکی از مناطق عمده تولید فندق، پسته، زغال‌اخته، انگور و کشمش در ایران است.&lt;span dir=&quot;LTR&quot;&gt;&lt;/span&gt;&lt;/p&gt;

&lt;p dir=&quot;RTL&quot; style=&quot;text-align: justify;&quot;&gt;قزوین به دلیل قرار گرفتن در گلوگاه ارتباطی استان‌های شمالی و غربی کشور، نزدیکی به تهران، دارا بودن چندین شهر صنعتی و نیز برخورداری از چندین دانشگاه از جمله دانشگاه‌های بین‌المللی امام خمینی(ره)، علوم پزشکی و آزاد اسلامی و شماری دانشگاه غیردولتی از موقعیت خوبی برخوردار است.&lt;span dir=&quot;LTR&quot;&gt;&lt;/span&gt;&lt;/p&gt;

&lt;p style=&quot;direction: rtl; text-align: justify;&quot;&gt;&amp;nbsp;&lt;/p&gt;

&lt;div style=&quot;text-align: center;&quot;&gt;(% myvideo path=/wifi/data/uploads/1.mp3 height=25 %)&lt;/div&gt;

&lt;div style=&quot;text-align: center;&quot;&gt;(% myvideo path=/wifi/data/uploads/movie1.mp4 %)&lt;br /&gt;
	(% gallery name=1 %)&lt;/div&gt;

&lt;ul&gt;
	&lt;li&gt;&amp;nbsp;&lt;/li&gt;
&lt;/ul&gt;
]]></content><private><![CDATA[]]></private><author><![CDATA[shahami]]></author><menuOrder><![CDATA[1]]></menuOrder></item>
