<?xml version="1.0" encoding="UTF-8"?>
<item><pubDate>Tue, 14 Mar 2017 16:04:24 +0330</pubDate><title><![CDATA[جاجیم بافی]]></title><url><![CDATA[jajim]]></url><meta><![CDATA[]]></meta><metad><![CDATA[]]></metad><menu><![CDATA[جاجیم بافی]]></menu><menuStatus><![CDATA[]]></menuStatus><template><![CDATA[template.php]]></template><parent><![CDATA[sanaye-dasti]]></parent><content><![CDATA[&lt;p style=&quot;text-align: justify;&quot;&gt;جاجیم پارچه ای ضخیم و کم عرض است که با استفاده از پودهای کلفت بافته میشود. رنگهای به کار رفته در جاجیم در 6 تا 8 رنگ و بیشتر از رنگهای سنتی و گیاهی و طرحها ی ساده وهندسی و اغلب به دو شکل راه راه و ستاره ای است.جاجیم ها اغلب به صورت نوارهایی با عرض 25 تا 30 سانتیمتر و طول 50 متر بافته میشوند. برای استفاده از جاجیم چند نوار کنار همدیگر دوخته میشوند تا پارچهای بزرگ فراهم شود.&lt;/p&gt;

&lt;p style=&quot;text-align: center;&quot;&gt;&lt;img alt=&quot;&quot; src=&quot;/wifi/data/uploads/jajim.jpg&quot; style=&quot;width: 80%;&quot; /&gt;&lt;/p&gt;

&lt;p style=&quot;text-align: center;&quot;&gt;&lt;img alt=&quot;&quot; src=&quot;/wifi/data/uploads/jajim2.jpg&quot; style=&quot;width: 80%;&quot; /&gt;&lt;/p&gt;
]]></content><private><![CDATA[]]></private><author><![CDATA[shahami]]></author><menuOrder><![CDATA[3]]></menuOrder></item>
