<?xml version="1.0" encoding="UTF-8"?>
<item><pubDate>Tue, 14 Mar 2017 16:01:24 +0330</pubDate><title><![CDATA[کوکو شیرین قزوینی]]></title><url><![CDATA[kokoshirin]]></url><meta><![CDATA[]]></meta><metad><![CDATA[]]></metad><menu><![CDATA[کوکو شیرین قزوینی]]></menu><menuStatus><![CDATA[]]></menuStatus><template><![CDATA[template.php]]></template><parent><![CDATA[gaza]]></parent><content><![CDATA[&lt;p dir=&quot;RTL&quot; style=&quot;text-align: justify;&quot;&gt;یکی از غذاهای محلی استان قزوین، کوکو شیرین است که شبیه&amp;nbsp; کوکوی سیب زمینی است اما شکر و گلاب هم دارد&lt;span dir=&quot;LTR&quot;&gt;&lt;/span&gt;&lt;span dir=&quot;LTR&quot;&gt;&lt;/span&gt;&lt;span dir=&quot;LTR&quot;&gt;&lt;span dir=&quot;LTR&quot;&gt;&lt;/span&gt;&lt;span dir=&quot;LTR&quot;&gt;&lt;/span&gt;. &lt;/span&gt;برای طبخ این غذای لذیذ قزوینی &amp;nbsp;از سیب‌ زمینی متوسط،&amp;nbsp;تخم‌ مرغ،&amp;nbsp;شکر،&amp;nbsp;آب و گلاب،&amp;nbsp;زعفران استفاده می شود&lt;span dir=&quot;LTR&quot;&gt;&lt;/span&gt;&lt;span dir=&quot;LTR&quot;&gt;&lt;/span&gt;&lt;span dir=&quot;LTR&quot;&gt;&lt;span dir=&quot;LTR&quot;&gt;&lt;/span&gt;&lt;span dir=&quot;LTR&quot;&gt;&lt;/span&gt;.&lt;/span&gt;&lt;/p&gt;

&lt;p dir=&quot;RTL&quot; style=&quot;text-align: center;&quot;&gt;&lt;img alt=&quot;&quot; src=&quot;/wifi/data/uploads/ko-ko-shirin.jpg&quot; style=&quot;width: 80%;&quot; /&gt;&lt;/p&gt;
]]></content><private><![CDATA[]]></private><author><![CDATA[shahami]]></author><menuOrder><![CDATA[3]]></menuOrder></item>
