<?xml version="1.0" encoding="UTF-8"?>
<item><pubDate>Tue, 14 Mar 2017 15:48:13 +0330</pubDate><title><![CDATA[مشکوفی قزوین]]></title><url><![CDATA[mashkoofi]]></url><meta><![CDATA[]]></meta><metad><![CDATA[]]></metad><menu><![CDATA[مشکوفی قزوین]]></menu><menuStatus><![CDATA[]]></menuStatus><template><![CDATA[template.php]]></template><parent><![CDATA[gaza]]></parent><content><![CDATA[&lt;p dir=&quot;RTL&quot; style=&quot;text-align: justify;&quot;&gt;نوعی دسر است که در دیگر شهرهای ایران نیز تهیه و سرو می شود. کره، وانیل، شیر، گلاب، نشاسته، شکر، زعفران مواد تشکیل دهنده این دسر می باشد&lt;span dir=&quot;LTR&quot;&gt;&lt;/span&gt;&lt;span dir=&quot;LTR&quot;&gt;&lt;/span&gt;&lt;span dir=&quot;LTR&quot;&gt;&lt;span dir=&quot;LTR&quot;&gt;&lt;/span&gt;&lt;span dir=&quot;LTR&quot;&gt;&lt;/span&gt;.&lt;/span&gt;&lt;/p&gt;

&lt;p dir=&quot;RTL&quot; style=&quot;text-align: center;&quot;&gt;&lt;img alt=&quot;&quot; src=&quot;/wifi/data/uploads/mashkofi.jpg&quot; style=&quot;width: 80%;&quot; /&gt;&lt;/p&gt;
]]></content><private><![CDATA[]]></private><author><![CDATA[shahami]]></author><menuOrder><![CDATA[2]]></menuOrder></item>
