<?xml version="1.0" encoding="UTF-8"?>
<item><pubDate>Mon, 13 Mar 2017 10:42:37 +0330</pubDate><title><![CDATA[بوستان مشاهير]]></title><url><![CDATA[mashahir1]]></url><meta><![CDATA[]]></meta><metad><![CDATA[]]></metad><menu><![CDATA[بوستان مشاهير]]></menu><menuStatus><![CDATA[]]></menuStatus><template><![CDATA[template.php]]></template><parent><![CDATA[parks]]></parent><content><![CDATA[&lt;p style=&quot;text-align: justify;&quot;&gt;لاله های زیبای بوستان مشاهیر معروف است. پارک مشاهیر یا لاله با مساحت بیش از 10&amp;nbsp;هزار متر مربع از زیباترین پارک های استان می باشد این پارک که در خیابان شهرداری قزوین واقع شده است،&amp;nbsp;هرساله با کاشت گونه های متنوع از گل های لاله توجه گردشگران را به خود جلب می کند.&lt;/p&gt;

&lt;p style=&quot;text-align: center;&quot;&gt;&lt;img alt=&quot;&quot; src=&quot;/wifi/data/uploads/mashahir1.jpg&quot; style=&quot;width: 80%;&quot; /&gt;&lt;/p&gt;

&lt;p style=&quot;text-align: center;&quot;&gt;&lt;img alt=&quot;&quot; src=&quot;/wifi/data/uploads/mashahir2.jpg&quot; style=&quot;width: 80%;&quot; /&gt;&lt;/p&gt;

&lt;p style=&quot;text-align: center;&quot;&gt;&lt;img alt=&quot;&quot; src=&quot;/wifi/data/uploads/mashahir3.jpg&quot; style=&quot;width: 80%;&quot; /&gt;&lt;/p&gt;
]]></content><private><![CDATA[]]></private><author><![CDATA[shahami]]></author><menuOrder><![CDATA[1]]></menuOrder></item>
