<?xml version="1.0" encoding="UTF-8"?>
<item><pubDate>Tue, 14 Mar 2017 15:54:17 +0330</pubDate><title><![CDATA[میوه و خشکبار]]></title><url><![CDATA[mive-va-khoshkbar]]></url><meta><![CDATA[]]></meta><metad><![CDATA[]]></metad><menu><![CDATA[میوه و خشکبار]]></menu><menuStatus><![CDATA[Y]]></menuStatus><template><![CDATA[template.php]]></template><parent><![CDATA[]]></parent><content><![CDATA[&lt;p dir=&quot;RTL&quot; style=&quot;text-align: justify;&quot;&gt;در این شهر و روستاهای اطراف آن، باغ های باصفا و سرسبز گردو، پسته، انار و انگور &amp;nbsp;را خواهید دید که طبیعتی بی نظیر دارد&lt;span dir=&quot;LTR&quot;&gt;&lt;/span&gt;&lt;span dir=&quot;LTR&quot;&gt;&lt;/span&gt;&lt;span dir=&quot;LTR&quot;&gt;&lt;span dir=&quot;LTR&quot;&gt;&lt;/span&gt;&lt;span dir=&quot;LTR&quot;&gt;&lt;/span&gt;.&lt;/span&gt;&lt;/p&gt;

&lt;p dir=&quot;RTL&quot; style=&quot;text-align: justify;&quot;&gt;در فصل تابستان تماشای این باغ ها و دیدن انگورهای رسیده، گردوهای آماده برداشت و… منظره ای چشم نواز داردکه حال و هوای سفر را بسیار عوض می کند&lt;span dir=&quot;LTR&quot;&gt;&lt;/span&gt;&lt;span dir=&quot;LTR&quot;&gt;&lt;/span&gt;&lt;span dir=&quot;LTR&quot;&gt;&lt;span dir=&quot;LTR&quot;&gt;&lt;/span&gt;&lt;span dir=&quot;LTR&quot;&gt;&lt;/span&gt;.&lt;/span&gt;&lt;/p&gt;

&lt;p dir=&quot;RTL&quot; style=&quot;text-align: justify;&quot;&gt;در کنار باغ های انگور گاه پهنه ای رنگی را خواهید دید که اگر از نزدیک تر روید، انگورهایی ست که برای خشک شدن برروی زمین پهن کرده اند&lt;span dir=&quot;LTR&quot;&gt;&lt;/span&gt;&lt;span dir=&quot;LTR&quot;&gt;&lt;/span&gt;&lt;span dir=&quot;LTR&quot;&gt;&lt;span dir=&quot;LTR&quot;&gt;&lt;/span&gt;&lt;span dir=&quot;LTR&quot;&gt;&lt;/span&gt;.&lt;/span&gt;&lt;/p&gt;
]]></content><private><![CDATA[]]></private><author><![CDATA[shahami]]></author><menuOrder><![CDATA[10]]></menuOrder></item>
