<?xml version="1.0" encoding="UTF-8"?>
<item><pubDate>Tue, 14 Mar 2017 15:25:46 +0330</pubDate><title><![CDATA[بوستان ملاخلیلا]]></title><url><![CDATA[mola1]]></url><meta><![CDATA[]]></meta><metad><![CDATA[]]></metad><menu><![CDATA[بوستان ملاخلیلا]]></menu><menuStatus><![CDATA[]]></menuStatus><template><![CDATA[template.php]]></template><parent><![CDATA[parks]]></parent><content><![CDATA[&lt;p style=&quot;text-align: justify;&quot;&gt;وستان ملاخلیلا دومین بوستان بزرگ شهر است. این بوستان با طراحی قدیمی بزرگترین بوستان جنوب قزوین در مساحت 7 هکتار دارای امکانات مناسبی برای استراحت مسافرانی است که وارد شهر می شوند. .باتوجه به گذر مسافران از ناحیه جنوب غرب شهر قزوین، استراحتگاه مناسبی برای مسافران می باشد. این بوستان در محله دو راهی همدان قزوین واقع شده است. از امکانات این بوستان می توان به آلاچیق های سربسته، دارای امکانات گرمایشی، بخش های مختلف با طراحی پارک های تاریخی و ... اشاره کرد.&lt;/p&gt;

&lt;p style=&quot;text-align: center;&quot;&gt;&lt;img alt=&quot;بوستان ملاخلیلا&quot; src=&quot;/wifi/data/uploads/mola1.jpg&quot; style=&quot;width: 80%;&quot; /&gt;&lt;/p&gt;

&lt;p style=&quot;text-align: center;&quot;&gt;&lt;img alt=&quot;بوستان ملاخلیلا&quot; src=&quot;/wifi/data/uploads/mola2.jpg&quot; style=&quot;width: 80%;&quot; /&gt;&lt;/p&gt;

&lt;p style=&quot;text-align: center;&quot;&gt;&lt;img alt=&quot;بوستان ملاخلیلا&quot; src=&quot;/wifi/data/uploads/mola3.jpg&quot; style=&quot;width: 80%;&quot; /&gt;&lt;/p&gt;
]]></content><private><![CDATA[]]></private><author><![CDATA[shahami]]></author><menuOrder><![CDATA[4]]></menuOrder></item>
