<?xml version="1.0" encoding="UTF-8"?>
<item><pubDate>Mon, 13 Mar 2017 16:00:59 +0330</pubDate><title><![CDATA[آرامگاه حمدالله مستوفی]]></title><url><![CDATA[mostofi1]]></url><meta><![CDATA[]]></meta><metad><![CDATA[]]></metad><menu><![CDATA[آرامگاه حمدالله مستوفی]]></menu><menuStatus><![CDATA[]]></menuStatus><template><![CDATA[template.php]]></template><parent><![CDATA[tarikhi]]></parent><content><![CDATA[&lt;p style=&quot;text-align: justify;&quot;&gt;مقبره حمدالله مستوفی نویسنده و تاریخ‌نگار معروف سده هشتم(تولد ۶۸۰-وفات حدود ۷۵۰) و مؤلف تاریخ گزیده، نزهه القلوب و ظفرنامه از آثار دوره ایلخانی است. مزار در محله ملک‌آباد قزوین، سردابی واقع شده که بر روی آن بنایی به شکل مربع ساخته‌اند که پیش از گنبد به هشت‌ضلعی مبدل شده و دورتادور آن مقرنس‌کاری است. گنبد فیروزه‌ای مخروطی آن و کتیبه‌ای که به خط ثلث به معرفی پدران و آثار مستوفی اشاره شده این بقعه را از سایر آثار تاریخی شهر ممتاز کرده است.&lt;/p&gt;

&lt;p style=&quot;text-align: center;&quot;&gt;&lt;img alt=&quot;&quot; src=&quot;/wifi/data/uploads/mostofi1.jpg&quot; style=&quot;width: 80%;&quot; /&gt;&lt;/p&gt;
&lt;p style=&quot;text-align: center;&quot;&gt;&lt;img alt=&quot;&quot; src=&quot;/wifi/data/uploads/mostofi2.jpg&quot; style=&quot;width: 80%;&quot; /&gt;&lt;/p&gt;
&lt;p style=&quot;text-align: center;&quot;&gt;&lt;img alt=&quot;&quot; src=&quot;/wifi/data/uploads/mostofi3.jpg&quot; style=&quot;width: 80%;&quot; /&gt;&lt;/p&gt;
]]></content><private><![CDATA[]]></private><author><![CDATA[shahami]]></author><menuOrder><![CDATA[2]]></menuOrder></item>
