<?xml version="1.0" encoding="UTF-8"?>
<item><pubDate>Tue, 14 Mar 2017 14:11:07 +0330</pubDate><title><![CDATA[دریاچه اوان]]></title><url><![CDATA[ovan1]]></url><meta><![CDATA[]]></meta><metad><![CDATA[]]></metad><menu><![CDATA[دریاچه اوان]]></menu><menuStatus><![CDATA[]]></menuStatus><template><![CDATA[template.php]]></template><parent><![CDATA[nature]]></parent><content><![CDATA[&lt;p style=&quot;text-align: justify;&quot;&gt;بزرگ‌ترین و زیباترین دریاچه در منطقه قزوین که به فاصله ۷۵ کیلومتری شمال شرقی شهر قزوین قرار دارد. طول آن در طویل‌ترین قسمت ۳۲۵ متر و عرض آن ۲۷۵ متر و عمق آن از یک تا 5.۷ متر در نوسان است. آب دریاچه از طریق چشمه‌های کف دریاچه و نزولات آسمانی تأمین می‌شود و غلیان دائمی آن باعث صافی و زلالی آب دریاچه شده است. از سرریز آب دریاچه نیز رود کوچکی تشکیل می‌شود مه آب آن مورداستفاده کشاورزان روستاهای «کوشک» و «آیین» است. در تابستان این دریاچه محل ماهیگیری، آب‌تنی و قایق‌سواری و در پائیز مأمن پرندگان مهاجر مانند قو، غاز، مرغابی و در زمستان با توجه به برودت هوا و یخ زدن سطح آن قابل اسکی رانی است.&lt;/p&gt;

&lt;p style=&quot;text-align: center;&quot;&gt;&lt;img alt=&quot;&quot; src=&quot;/wifi/data/uploads/ovan20.jpg&quot; style=&quot;width: 80%;&quot; /&gt;&lt;/p&gt;

&lt;p style=&quot;text-align: center;&quot;&gt;&lt;img alt=&quot;&quot; src=&quot;/wifi/data/uploads/ovan22.jpg&quot; style=&quot;width: 80%;&quot; /&gt;&lt;/p&gt;

&lt;p style=&quot;text-align: center;&quot;&gt;&lt;img alt=&quot;&quot; src=&quot;/wifi/data/uploads/ovan24.jpg&quot; style=&quot;width: 80%;&quot; /&gt;&lt;/p&gt;
]]></content><private><![CDATA[]]></private><author><![CDATA[shahami]]></author><menuOrder><![CDATA[1]]></menuOrder></item>
