<?xml version="1.0" encoding="UTF-8"?>
<item><pubDate>Tue, 14 Mar 2017 15:47:00 +0330</pubDate><title><![CDATA[پادرازی]]></title><url><![CDATA[paderazi]]></url><meta><![CDATA[]]></meta><metad><![CDATA[]]></metad><menu><![CDATA[پادرازی]]></menu><menuStatus><![CDATA[]]></menuStatus><template><![CDATA[template.php]]></template><parent><![CDATA[cooki]]></parent><content><![CDATA[&lt;p dir=&quot;RTL&quot;&gt;پادرازی مخصوص قزوین ، نوعی شیرینی در سه رنگ است که مانند بقیه شیرینی های قزوین ، مقدارشیرینی آن کم است و به همین خاطر در بین مردم بسیار طرفدار دارد. پادرازی قزوین از&amp;nbsp;پودر قند ، روغن صاف قنادی ، تخم مرغ ، آرد گندم ، آرد برنج ، آرد نخودچی ، شیر، &amp;nbsp;پودر زنجبیل ، وانیل ، زعفران و کنجد تهیه می شود&lt;span dir=&quot;LTR&quot;&gt;&lt;/span&gt;&lt;span dir=&quot;LTR&quot;&gt;&lt;/span&gt;&lt;span dir=&quot;LTR&quot;&gt;&lt;span dir=&quot;LTR&quot;&gt;&lt;/span&gt;&lt;span dir=&quot;LTR&quot;&gt;&lt;/span&gt;.&lt;/span&gt;&lt;span dir=&quot;LTR&quot;&gt;&lt;/span&gt;&lt;/p&gt;

&lt;p dir=&quot;RTL&quot; style=&quot;text-align: center;&quot;&gt;&lt;img alt=&quot;&quot; src=&quot;/wifi/data/uploads/paderazi.jpg&quot; style=&quot;width: 80%;&quot; /&gt;&lt;/p&gt;
]]></content><private><![CDATA[]]></private><author><![CDATA[shahami]]></author><menuOrder><![CDATA[5]]></menuOrder></item>
