<?xml version="1.0" encoding="UTF-8"?>
<item><pubDate>Mon, 13 Mar 2017 12:36:44 +0330</pubDate><title><![CDATA[پارک ها و اماکن تفریحی]]></title><url><![CDATA[parks]]></url><meta><![CDATA[]]></meta><metad><![CDATA[]]></metad><menu><![CDATA[پارک ها و اماکن تفریحی]]></menu><menuStatus><![CDATA[Y]]></menuStatus><template><![CDATA[template.php]]></template><parent><![CDATA[]]></parent><content><![CDATA[&lt;table background.jpg=&quot;&quot; data=&quot;&quot; style=&quot;width: 100%; text-align: center; background-image: url(&#039;/wifi/data/uploads/background2.jpg&#039;);&quot;&gt;
	&lt;tbody&gt;
		&lt;tr style=&quot;height:50px&quot;&gt;
			&lt;td style=&quot;width:50%&quot;&gt;&lt;a href=&quot;/wifi/index.php?id=barajin&quot; style=&quot;color:#00f;&quot;&gt;بوستان باراجین&lt;/a&gt;&lt;/td&gt;
			&lt;td style=&quot;width:50%&quot;&gt;&lt;a href=&quot;/wifi/index.php?id=alborzbirds&quot; style=&quot;color: #00f;&quot;&gt;باغ پرندگان البرز&lt;/a&gt;&lt;/td&gt;
		&lt;/tr&gt;
		&lt;tr style=&quot;height:50px&quot;&gt;
			&lt;td&gt;&lt;a href=&quot;/wifi/index.php?id=mola1&quot; style=&quot;padding: 20px; color: #00f;&quot;&gt;بوستان ملاخلیلا&lt;/a&gt;&lt;/td&gt;
			&lt;td&gt;&lt;a href=&quot;/wifi/index.php?id=mellat1&quot; style=&quot;color: #00f;&quot;&gt;بوستان ملت&lt;/a&gt;&lt;/td&gt;
		&lt;/tr&gt;
		&lt;tr style=&quot;height:50px&quot;&gt;
			&lt;td&gt;&lt;a href=&quot;/wifi/index.php?id=tele1&quot; style=&quot;color: #00f;&quot;&gt;تله سی یژ&lt;/a&gt;&lt;/td&gt;
			&lt;td&gt;&lt;a href=&quot;/wifi/index.php?id=mashahir1&quot; style=&quot;color: #00f;&quot;&gt;بوستان مشاهیر&lt;/a&gt;&lt;/td&gt;
		&lt;/tr&gt;
		&lt;tr style=&quot;height:50px&quot;&gt;
			&lt;td&gt;&lt;a href=&quot;/wifi/index.php?id=dalfak1&quot; style=&quot;color: #00f;&quot;&gt;شهربازی دالفک&lt;/a&gt;&lt;/td&gt;
			&lt;td&gt;&lt;a href=&quot;/wifi/index.php?id=mashahir1&quot; style=&quot;color: #00f;&quot;&gt;بوستان مشاهیر&lt;/a&gt;&lt;/td&gt;
		&lt;/tr&gt;
	&lt;/tbody&gt;
&lt;/table&gt;
]]></content><private><![CDATA[]]></private><author><![CDATA[shahami]]></author><menuOrder><![CDATA[4]]></menuOrder></item>
