<?xml version="1.0" encoding="UTF-8"?>
<item><pubDate>Mon, 13 Mar 2017 13:40:46 +0330</pubDate><title><![CDATA[پیغمبریه (۴ انبيا)]]></title><url><![CDATA[peighambarie1]]></url><meta><![CDATA[]]></meta><metad><![CDATA[]]></metad><menu><![CDATA[پیغمبریه (۴ انبيا)]]></menu><menuStatus><![CDATA[]]></menuStatus><template><![CDATA[template.php]]></template><parent><![CDATA[ziarati]]></parent><content><![CDATA[&lt;p style=&quot;text-align: justify;&quot;&gt;در سمت غربی دولتخانه صفوی بقعه‌ای است که در جوار مدرسه و مسجدی از عصر صفوی قرار دارد و عالمان دینی و مردم آنجا را آرامگاه چهار تن از پیامبران بنی‌اسرائیل به نام‌های سلام، سهولی، سلوم، القیا می‌دانند و به چهار انبیا می‌خوانند. بنای فعلی قاجاری و مزین به کاشی‌کاری، گچ‌بری، آیینه‌کاری، تزئینات چوبی و رسمی بندی است.&lt;/p&gt;

&lt;p style=&quot;text-align: center;&quot;&gt;&amp;nbsp;&lt;/p&gt;
]]></content><private><![CDATA[]]></private><author><![CDATA[shahami]]></author><menuOrder><![CDATA[3]]></menuOrder></item>
