<?xml version="1.0" encoding="UTF-8"?>
<item><pubDate>Tue, 14 Mar 2017 16:03:46 +0330</pubDate><title><![CDATA[پسته سبز قزوین]]></title><url><![CDATA[peste]]></url><meta><![CDATA[]]></meta><metad><![CDATA[]]></metad><menu><![CDATA[پسته سبز قزوین]]></menu><menuOrder><![CDATA[0]]></menuOrder><menuStatus><![CDATA[]]></menuStatus><template><![CDATA[template.php]]></template><parent><![CDATA[mive-va-khoshkbar]]></parent><content><![CDATA[&lt;p style=&quot;text-align: justify;&quot;&gt;استان قزوین دارای سه اقلیم متفاوت بوده که شامل : مناطق نیمه خشک متعدله تا سردسیری - مناطق نیمه خشک ونیمه گرمسیری و مناطق با اقلیم خشک و گرم می باشد که حدود دو سوم باغات پسته در مناطق خشک و گرم شهرستان بوئین زهرا و یک سوم در مناطق نیمه خشک معتدله تا سردسیری حومه شهرستان قزوین قرار گرفته است.&lt;/p&gt;

&lt;p style=&quot;text-align: justify;&quot;&gt;سطح زیرکشت پسته دراستان قزوین ۴۰۰۰ هکتار(بارور و غیر بارور) و میزان تولید پسته ۲۵۰۰ تن می باشد که از این مقدار۱۰۰۰ تن به کشور آلمان و کشورهای حوزه خلیج فارس صادر می گردد. استان قزوین از لحاظ تولید پسته درکشور رتبه ششم را دارا می باشد.&lt;/p&gt;

&lt;p style=&quot;text-align: justify;&quot;&gt;پسته قزوین به دلیل دارا بودن رنگ سبز عالی، روغن امگا ۳، اسید آمینه های ضروری ، عطر و طعم ویژه؛ مرغوبیت خاصی در جهان دارد و اغلب درصنایع غذایی و شیرینی پزی به کار می رود.&lt;/p&gt;

&lt;p style=&quot;text-align: justify;&quot;&gt;ارقام پسته مهم بومی استان که شناسایی شده اند عبارتند از : کله بزی- قرمزپسته - سفیدپسته - شمشیری - بقالی - کال خندان - بادامی .&lt;/p&gt;

&lt;p style=&quot;text-align: center;&quot;&gt;&lt;img alt=&quot;&quot; src=&quot;/wifi/data/uploads/peste-qazvin.jpg&quot; style=&quot;width: 80%;&quot; /&gt;&lt;/p&gt;

&lt;p style=&quot;text-align: center;&quot;&gt;&lt;img alt=&quot;&quot; src=&quot;/wifi/data/uploads/peste1.jpg&quot; style=&quot;width: 80%;&quot; /&gt;&lt;/p&gt;
]]></content><private><![CDATA[]]></private><author><![CDATA[shahami]]></author></item>
