<?xml version="1.0" encoding="UTF-8"?>
<item><pubDate>Tue, 14 Mar 2017 15:38:35 +0330</pubDate><title><![CDATA[قالی بافی و گلیم بافی]]></title><url><![CDATA[qalibafi]]></url><meta><![CDATA[]]></meta><metad><![CDATA[]]></metad><menu><![CDATA[قالی بافی و گلیم بافی]]></menu><menuStatus><![CDATA[]]></menuStatus><template><![CDATA[template.php]]></template><parent><![CDATA[sanaye-dasti]]></parent><content><![CDATA[&lt;p style=&quot;text-align: justify;&quot;&gt;اين صنعت، از روزگار قديم در استان قزوين صنعتى شکوفا بوده است. در قزوين و روستاهاى اطراف آن، بيش‌تر بافتن فرش رواج دارد و در روستاها و ميان ايل‌هاى ساکن استان قزوين غالباً بافتن کناره، قاليچه، گليم و جاجيم رواج دارد. پشم و خامهٔ فرش‌هاى بافته شده معمولاً با رنگ‌هاى گياهى که رنگ‌هايى بادوام‌اند، رنگرزى مى‌شوند. در بافت فرش‌هايى که در شهر بافته مى‌شوند، نقشهٔ خاصى رعايت نمى‌شود و بيش‌تر نقشه‌‌هاى مرغوبى را که متداول و مشترى‌پسندند، به کار مى‌برند که طرح‌هاى شاه‌عباسى و لچک و ترنج از آن جمله هستند.&lt;/p&gt;

&lt;p style=&quot;text-align: center;&quot;&gt;&lt;img alt=&quot;&quot; src=&quot;/wifi/data/uploads/qali-bafi-va-gelim-bafi.jpg&quot; style=&quot;width: 80%;&quot; /&gt;&lt;/p&gt;

&lt;p style=&quot;text-align: center;&quot;&gt;&lt;img alt=&quot;&quot; src=&quot;/wifi/data/uploads/qaligelim1.jpg&quot; style=&quot;width: 80%;&quot; /&gt;&lt;/p&gt;
]]></content><private><![CDATA[]]></private><author><![CDATA[shahami]]></author><menuOrder><![CDATA[1]]></menuOrder></item>
