<?xml version="1.0" encoding="UTF-8"?>
<item><pubDate>Tue, 14 Mar 2017 15:42:23 +0330</pubDate><title><![CDATA[شیرینی قندی]]></title><url><![CDATA[qandi]]></url><meta><![CDATA[]]></meta><metad><![CDATA[]]></metad><menu><![CDATA[شیرینی قندی]]></menu><menuStatus><![CDATA[]]></menuStatus><template><![CDATA[template.php]]></template><parent><![CDATA[cooki]]></parent><content><![CDATA[&lt;p dir=&quot;RTL&quot; style=&quot;text-align: justify;&quot;&gt;این نوع شیرینی را در اواخر اسفند بانوان قزوینی برای عید نوروز تهیه می کنند. شیرینی قندی را&amp;nbsp;با&amp;nbsp;آرد صرفه ، پودر شکر ، روغن جامد ، پودر هل ، بکینگ پودر و خشخاش درست می کنند. طعم این شیرینی که به نوع خشک شده اش قزوینی ها قاق ( خشک )&amp;nbsp;می گویند با چای بسیار دلچسب است&lt;span dir=&quot;LTR&quot;&gt;&lt;/span&gt;&lt;span dir=&quot;LTR&quot;&gt;&lt;/span&gt;&lt;span dir=&quot;LTR&quot;&gt;&lt;span dir=&quot;LTR&quot;&gt;&lt;/span&gt;&lt;span dir=&quot;LTR&quot;&gt;&lt;/span&gt;.&amp;nbsp;&lt;/span&gt;&lt;/p&gt;

&lt;p dir=&quot;RTL&quot; style=&quot;text-align: center;&quot;&gt;&lt;img alt=&quot;&quot; src=&quot;/wifi/data/uploads/qandi.jpg&quot; style=&quot;width: 80%;&quot; /&gt;&lt;/p&gt;
]]></content><private><![CDATA[]]></private><author><![CDATA[shahami]]></author><menuOrder><![CDATA[6]]></menuOrder></item>
