<?xml version="1.0" encoding="UTF-8"?>
<item><pubDate>Tue, 14 Mar 2017 15:49:09 +0330</pubDate><title><![CDATA[قیمه نثار]]></title><url><![CDATA[qeymenesr]]></url><meta><![CDATA[]]></meta><metad><![CDATA[]]></metad><menu><![CDATA[قیمه نثار]]></menu><menuStatus><![CDATA[]]></menuStatus><template><![CDATA[template.php]]></template><parent><![CDATA[gaza]]></parent><content><![CDATA[&lt;p dir=&quot;RTL&quot; style=&quot;text-align: justify;&quot;&gt;غذایی بسیار خوش طعم و معروف که بیشتر در مهمانی ها و مراسم ویژه قزوینی ها سرو می شود. برای تهیه این غذا از&amp;nbsp; برنج آب‌کش،گوشت گوسفندی، خلال پرتقال، پیاز داغ، زعفران، زرشک، خلال بادام، خلال پسته، رب گوجه‌فرنگی و ادویه های خوش عطر و بو استفاده می شود. اثر گردشگران یک وعده قیمه نثار قزوینی را میل می کنند&lt;span dir=&quot;LTR&quot;&gt;&lt;/span&gt;&lt;span dir=&quot;LTR&quot;&gt;&lt;/span&gt;&lt;span dir=&quot;LTR&quot;&gt;&lt;span dir=&quot;LTR&quot;&gt;&lt;/span&gt;&lt;span dir=&quot;LTR&quot;&gt;&lt;/span&gt;.&lt;/span&gt;&lt;/p&gt;

&lt;p dir=&quot;RTL&quot; style=&quot;text-align: center;&quot;&gt;&lt;img alt=&quot;&quot; src=&quot;/wifi/data/uploads/qeyme-nesar-1.jpg&quot; style=&quot;width: 80%;&quot; /&gt;&lt;/p&gt;

&lt;p dir=&quot;RTL&quot; style=&quot;text-align: center;&quot;&gt;&lt;img alt=&quot;&quot; src=&quot;/wifi/data/uploads/qeyme-nesar-2.jpg&quot; style=&quot;width: 80%;&quot; /&gt;&lt;/p&gt;
]]></content><private><![CDATA[]]></private><author><![CDATA[shahami]]></author><menuOrder><![CDATA[4]]></menuOrder></item>
