<?xml version="1.0" encoding="UTF-8"?>
<item><pubDate>Tue, 14 Mar 2017 14:12:55 +0330</pubDate><title><![CDATA[صنایع دستی]]></title><url><![CDATA[sanaye-dasti]]></url><meta><![CDATA[]]></meta><metad><![CDATA[]]></metad><menu><![CDATA[صنایع دستی]]></menu><menuStatus><![CDATA[Y]]></menuStatus><template><![CDATA[template.php]]></template><parent><![CDATA[]]></parent><content><![CDATA[&lt;p dir=&quot;RTL&quot;&gt;در بازار قزوین حجره هایی را میبینید که مردانی هنرمند در حال کار هستند و آثاری بدیع و جالب را با دستان توانمند خود خلق می کنند تا گردشگران از این آثار &amp;nbsp;بازدید کنند و برای عزیزان خود ، سوغات برند و صنایع دستی شهرشان در همه جای ایران و دنیا بدرخشد&lt;span dir=&quot;LTR&quot;&gt;&lt;/span&gt;&lt;span dir=&quot;LTR&quot;&gt;&lt;/span&gt;&lt;span dir=&quot;LTR&quot;&gt;&lt;span dir=&quot;LTR&quot;&gt;&lt;/span&gt;&lt;span dir=&quot;LTR&quot;&gt;&lt;/span&gt;. &amp;nbsp;&lt;/span&gt;&lt;span dir=&quot;LTR&quot;&gt;&lt;/span&gt;&lt;/p&gt;

&lt;p&gt;&lt;span dir=&quot;RTL&quot;&gt;از صنایع دستی قزوین می توان به جاجیم بافی ، چادرشب بافی ، آینه کاری ، جوراب بافی ، سرمه دوزی ، منجوق دوزی ، گلیم بافی و قالی بافی اشاره کرد&lt;/span&gt;&lt;span dir=&quot;LTR&quot;&gt;&lt;/span&gt;&lt;span dir=&quot;LTR&quot;&gt;&lt;/span&gt;&lt;span dir=&quot;LTR&quot;&gt;&lt;/span&gt;&lt;span dir=&quot;LTR&quot;&gt;&lt;/span&gt;.&lt;/p&gt;
]]></content><private><![CDATA[]]></private><author><![CDATA[shahami]]></author><menuOrder><![CDATA[8]]></menuOrder></item>
