<?xml version="1.0" encoding="UTF-8"?>
<item><pubDate>Tue, 14 Mar 2017 15:41:36 +0330</pubDate><title><![CDATA[سرمه دوزی]]></title><url><![CDATA[serme]]></url><meta><![CDATA[]]></meta><metad><![CDATA[]]></metad><menu><![CDATA[سرمه دوزی]]></menu><menuStatus><![CDATA[]]></menuStatus><template><![CDATA[template.php]]></template><parent><![CDATA[sanaye-dasti]]></parent><content><![CDATA[&lt;p style=&quot;text-align: justify;&quot;&gt;سرمه دوزی نوعی دوخت تزئین است که قدمت آن به ۲۵۰۰ سال تا ۳۰۰۰ سال پیش می رسد.&lt;/p&gt;

&lt;p style=&quot;text-align: justify;&quot;&gt;سرمه دوزی یکی از رودوزی‌های شاخص و فاخر ایرانی است، نخ سرمه به عنوان مواد اولیه اصلی این هنر نخی است که با استفاده از طلا‌ و یا نقره یا مطلا‌ و آلیاژهایی به صورت لوله‌ای صاف و محکم و یا انعطافی و یا به صورت چهار گوش مربعی یا مستطیل تابیده می‌شود . این نوع نخ حالت ارتجاعی دارد و به هر شکل ممکن حالت می‌گیرد. ( البته امروزه بیشتر به صورت فنر ریز و طویلی است که به ‌اندازه لا‌زم بریده شده و سوزن و نخ از داخل آن عبور کرده و بر روی پارچه دوخته می‌شود.&lt;/p&gt;

&lt;p style=&quot;text-align: justify;&quot;&gt;برای آغاز کار سرمه دوزی بر روی ترمه یا مخمل، بوجود آوردن شرایطی الزامی است از جمله این شرایط لایه زنی،&amp;nbsp; طرح اندازی و آماده سازی پارچه است. در صورتی که این شرایط با حساسیت و توجه خاص صورت پذیرد نتیجه کار مطلوب است.&lt;/p&gt;

&lt;p style=&quot;text-align: center;&quot;&gt;&lt;img alt=&quot;&quot; src=&quot;/wifi/data/uploads/serme-dozi.jpg&quot; style=&quot;width: 80%;&quot; /&gt;&lt;/p&gt;

&lt;p style=&quot;text-align: center;&quot;&gt;&lt;img alt=&quot;&quot; src=&quot;/wifi/data/uploads/sermedozi.jpg&quot; style=&quot;width: 80%;&quot; /&gt;&lt;/p&gt;
]]></content><private><![CDATA[]]></private><author><![CDATA[shahami]]></author><menuOrder><![CDATA[2]]></menuOrder></item>
