<?xml version="1.0" encoding="UTF-8"?>
<item><pubDate>Tue, 14 Mar 2017 15:27:54 +0330</pubDate><title><![CDATA[شیرینی شربتی]]></title><url><![CDATA[sharbati]]></url><meta><![CDATA[]]></meta><metad><![CDATA[]]></metad><menu><![CDATA[شیرینی شربتی]]></menu><menuStatus><![CDATA[]]></menuStatus><template><![CDATA[template.php]]></template><parent><![CDATA[cooki]]></parent><content><![CDATA[&lt;p dir=&quot;RTL&quot;&gt;کیک لطیف و خوش طعمی است که به صورت لوزی شکل برش داده می شود و با پسته و نارگیل روی آن را تزیین می کنند. مواد تشکیل دهنده این نوع کیک یا شیرینی&amp;nbsp;عبارت است از : آرد، شکر، ماست، هل، روغن، تخم مرغ&lt;span dir=&quot;LTR&quot;&gt;&lt;/span&gt;&lt;span dir=&quot;LTR&quot;&gt;&lt;/span&gt;&lt;span dir=&quot;LTR&quot;&gt;&lt;span dir=&quot;LTR&quot;&gt;&lt;/span&gt;&lt;span dir=&quot;LTR&quot;&gt;&lt;/span&gt;.&lt;/span&gt;&lt;span dir=&quot;LTR&quot;&gt;&lt;/span&gt;&lt;/p&gt;

&lt;p dir=&quot;RTL&quot; style=&quot;text-align: center;&quot;&gt;&lt;img alt=&quot;&quot; src=&quot;/wifi/data/uploads/sharbati.jpg&quot; style=&quot;width: 80%;&quot; /&gt;&lt;/p&gt;
]]></content><private><![CDATA[]]></private><author><![CDATA[shahami]]></author><menuOrder><![CDATA[1]]></menuOrder></item>
