<?xml version="1.0" encoding="UTF-8"?>
<item><pubDate>Tue, 14 Mar 2017 15:48:54 +0330</pubDate><title><![CDATA[شیرین پلو]]></title><url><![CDATA[shirinpolo]]></url><meta><![CDATA[]]></meta><metad><![CDATA[]]></metad><menu><![CDATA[شیرین پلو]]></menu><menuStatus><![CDATA[]]></menuStatus><template><![CDATA[template.php]]></template><parent><![CDATA[gaza]]></parent><content><![CDATA[&lt;p dir=&quot;RTL&quot;&gt;یکی از غذاهای پرطرفدار این شهراست که برای تهیه آن&amp;nbsp;از سیب‌زمینی، زعفران، تخم مرغ، ماست، روغن، پودر هل، آرد، شکر و گلاب استفاده می‌کنند&lt;span dir=&quot;LTR&quot;&gt;&lt;/span&gt;&lt;span dir=&quot;LTR&quot;&gt;&lt;/span&gt;&lt;span dir=&quot;LTR&quot;&gt;&lt;span dir=&quot;LTR&quot;&gt;&lt;/span&gt;&lt;span dir=&quot;LTR&quot;&gt;&lt;/span&gt;. &lt;/span&gt;معمولا قزوینی ها این غذای شیرین را در کنار غذاهای دیگ میل می کنند&lt;span dir=&quot;LTR&quot;&gt;&lt;/span&gt;&lt;span dir=&quot;LTR&quot;&gt;&lt;/span&gt;&lt;span dir=&quot;LTR&quot;&gt;&lt;span dir=&quot;LTR&quot;&gt;&lt;/span&gt;&lt;span dir=&quot;LTR&quot;&gt;&lt;/span&gt;.&lt;/span&gt;&lt;/p&gt;

&lt;p dir=&quot;RTL&quot; style=&quot;text-align: center;&quot;&gt;&lt;img alt=&quot;&quot; src=&quot;/wifi/data/uploads/shirin-polo.jpg&quot; style=&quot;width: 80%;&quot; /&gt;&lt;/p&gt;
]]></content><private><![CDATA[]]></private><author><![CDATA[shahami]]></author><menuOrder><![CDATA[5]]></menuOrder></item>
