<?xml version="1.0" encoding="UTF-8"?>
<item><pubDate>Mon, 13 Mar 2017 15:59:16 +0330</pubDate><title><![CDATA[اماکن تاریخی]]></title><url><![CDATA[tarikhi]]></url><meta><![CDATA[]]></meta><metad><![CDATA[]]></metad><menu><![CDATA[اماکن تاریخی]]></menu><menuStatus><![CDATA[Y]]></menuStatus><template><![CDATA[template.php]]></template><parent><![CDATA[]]></parent><content><![CDATA[&lt;table background.jpg=&quot;&quot; data=&quot;&quot; style=&quot;width: 100%; text-align: center; background-image: url(&#039;/wifi/data/uploads/background2.jpg&#039;);&quot;&gt;
	&lt;tbody&gt;
		&lt;tr style=&quot;height:50px&quot;&gt;
			&lt;td style=&quot;width:50%&quot;&gt;&lt;a href=&quot;/wifi/index.php?id=alighapoo1&quot; style=&quot;color:#00f;&quot;&gt;سردر عالی قاپو&lt;/a&gt;&lt;/td&gt;
			&lt;td style=&quot;width:50%&quot;&gt;&lt;a href=&quot;/wifi/index.php?id=chehelsoton1&quot; style=&quot;color: #00f;&quot;&gt;عمارت چهل‌ستون&lt;/a&gt;&lt;/td&gt;
		&lt;/tr&gt;
		&lt;tr style=&quot;height:50px&quot;&gt;
			&lt;td&gt;&lt;a href=&quot;/wifi/index.php?id=mostofi1&quot; style=&quot;padding: 20px; color: #00f;&quot;&gt;آرامگاه حمدالله مستوفی&lt;/a&gt;&lt;/td&gt;
			&lt;td&gt;&lt;a href=&quot;/wifi/index.php?id=aminiha1&quot; style=&quot;color: #00f;&quot;&gt;حسینیه امینی‌ها&lt;/a&gt;&lt;/td&gt;
		&lt;/tr&gt;
		&lt;tr style=&quot;height:50px&quot;&gt;
			&lt;td&gt;&lt;a href=&quot;/wifi/index.php?id=atigh1&quot; style=&quot;color: #00f;&quot;&gt;مسجد جامع عتيق&lt;/a&gt;&lt;/td&gt;
			&lt;td&gt;&lt;a href=&quot;/wifi/index.php?id=abanbarjame1&quot; style=&quot;color: #00f;&quot;&gt;آب‌انبار مسجد جامع&lt;/a&gt;&lt;/td&gt;
		&lt;/tr&gt;
		&lt;tr style=&quot;height:50px&quot;&gt;
			&lt;td&gt;&lt;a href=&quot;/wifi/index.php?id=abanbarsardar1&quot; style=&quot;color: #00f;&quot;&gt;آب‌انبار سردار&lt;/a&gt;&lt;/td&gt;
			&lt;td&gt;&lt;a href=&quot;/wifi/index.php?id=ghajar1&quot; style=&quot;color: #00f;&quot;&gt;گرمابه قجر&lt;/a&gt;&lt;/td&gt;
		&lt;/tr&gt;
	&lt;/tbody&gt;
&lt;/table&gt;
]]></content><private><![CDATA[]]></private><author><![CDATA[shahami]]></author><menuOrder><![CDATA[6]]></menuOrder></item>
