<?xml version="1.0" encoding="UTF-8"?>
<item><pubDate>Tue, 14 Mar 2017 15:24:47 +0330</pubDate><title><![CDATA[تله سی یژ]]></title><url><![CDATA[tele1]]></url><meta><![CDATA[]]></meta><metad><![CDATA[]]></metad><menu><![CDATA[تله سی یژ]]></menu><menuStatus><![CDATA[]]></menuStatus><template><![CDATA[template.php]]></template><parent><![CDATA[parks]]></parent><content><![CDATA[&lt;p style=&quot;text-align: justify;&quot;&gt;مجتمع ورزش‌های زمستانی کامان و زرشک در ۲۵ کیلومتری شهر قزوین قرار دارد. این مجموعه دارای یکی از بزرگ‌ترین تله سی یژهای کشور به طول ۱۸۰۰۰ متر می‌باشند که اسکی بازان در این پیست قادرند در محدوده‌ای بین چهار تا پنج کیلومتر ورزش کنند. این مجموعه دارای تأییدیه فدراسیون جهانی در بخش مارپیچ بزرگ و کوچک می‌باشد و به همین سبب برای برگزاری مسابقات بین‌المللی در نظر گرفته شده‌است.&lt;/p&gt;

&lt;p style=&quot;text-align: center;&quot;&gt;&lt;img alt=&quot;&quot; src=&quot;/wifi/data/uploads/tele1.jpg&quot; style=&quot;width: 80%;&quot; /&gt;&lt;/p&gt;

&lt;p style=&quot;text-align: center;&quot;&gt;&lt;img alt=&quot;&quot; src=&quot;/wifi/data/uploads/tele2.jpg&quot; style=&quot;width: 80%;&quot; /&gt;&lt;/p&gt;

&lt;p style=&quot;text-align: center;&quot;&gt;&lt;img alt=&quot;&quot; src=&quot;/wifi/data/uploads/tele3.jpg&quot; style=&quot;width: 80%;&quot; /&gt;&lt;/p&gt;
]]></content><private><![CDATA[]]></private><author><![CDATA[shahami]]></author><menuOrder><![CDATA[2]]></menuOrder></item>
