<?xml version="1.0" encoding="UTF-8"?>
<gallery><title><![CDATA[1]]></title><name><![CDATA[1]]></name><type><![CDATA[s3slider]]></type><width><![CDATA[]]></width><height><![CDATA[]]></height><crop><![CDATA[1]]></crop><textpos><![CDATA[bottom]]></textpos><interval><![CDATA[]]></interval><item><filename><![CDATA[6.jpg]]></filename><title><![CDATA[]]></title><tags><![CDATA[]]></tags><description><![CDATA[السلام علیک یا اباعبدالله الحسین]]></description><longitude><![CDATA[]]></longitude><latitude><![CDATA[]]></latitude><size><![CDATA[17800]]></size><width><![CDATA[400]]></width><height><![CDATA[286]]></height><width>400</width><height>286</height><size>17800</size></item><item><filename><![CDATA[2.jpg]]></filename><title><![CDATA[]]></title><tags><![CDATA[]]></tags><description><![CDATA[السلام علیک یا اباعبدالله الحسین]]></description><longitude><![CDATA[]]></longitude><latitude><![CDATA[]]></latitude><size><![CDATA[30550]]></size><width><![CDATA[600]]></width><height><![CDATA[400]]></height><width>600</width><height>400</height><size>30550</size></item><item><filename><![CDATA[1.jpg]]></filename><title><![CDATA[]]></title><tags><![CDATA[]]></tags><description><![CDATA[السلام علیک یا اباعبدالله الحسین]]></description><longitude><![CDATA[]]></longitude><latitude><![CDATA[]]></latitude><size><![CDATA[23214]]></size><width><![CDATA[500]]></width><height><![CDATA[523]]></height><width>500</width><height>523</height><size>23214</size></item><item><filename><![CDATA[3.jpg]]></filename><title><![CDATA[]]></title><tags><![CDATA[]]></tags><description><![CDATA[السلام علیک یا اباعبدالله الحسین]]></description><longitude><![CDATA[]]></longitude><latitude><![CDATA[]]></latitude><size><![CDATA[44022]]></size><width><![CDATA[600]]></width><height><![CDATA[450]]></height><width>600</width><height>450</height><size>44022</size></item><item><filename><![CDATA[4.jpg]]></filename><title><![CDATA[]]></title><tags><![CDATA[]]></tags><description><![CDATA[السلام علیک یا اباعبدالله الحسین]]></description><longitude><![CDATA[]]></longitude><latitude><![CDATA[]]></latitude><size><![CDATA[55069]]></size><width><![CDATA[450]]></width><height><![CDATA[600]]></height><width>450</width><height>600</height><size>55069</size></item></gallery>
